"INPUT","FOUND_BY","DTXCID_INDIVIDUAL_COMPONENT","FORMULA_INDIVIDUAL_COMPONENT","SMILES_INDIVIDUAL_COMPONENT","MAPPED_DTXSID","PREFERRED_NAME_DTXSID","CASRN_DTXSID","FORMULA_MAPPED_DTXSID","SMILES_MAPPED_DTXSID","MS_READY_SMILES","INCHI_STRING_DTXCID","INCHIKEY_DTXCID","MONOISOTOPIC_MASS_DTXCID","EXPOCAST_MEDIAN_EXPOSURE_PREDICTION_MG/KG-BW/DAY","DATA_SOURCES","TOXCAST_PERCENT_ACTIVE","NUMBER_OF_PUBMED_ARTICLES","PUBCHEM_DATA_SOURCES","CPDAT_COUNT","GENRA","KEMIMARKET","MASSBANKREF","NORMANPRI"
"C10H14N2","MS Ready Formula","DTXCID9028128","C10H14N2","CN1CCCC1C1=CN=CC=C1","DTXSID1020930","Nicotine","54-11-5","C10H14N2","CN1CCC[C@H]1C1=CN=CC=C1","CN1CCCC1C1=CN=CC=C1","InChI=1/C10H14N2/c1-12-7-3-5-10(12)9-4-2-6-11-8-9/h2,4,6,8,10H,3,5,7H2,1H3","SNICXCGAKADSCV-UHFFFAOYSA-N","162.115698459","7.08e-07","102","2.42","22837.0","127","60","1","1","1","0"
"C10H14N2","MS Ready Formula","DTXCID50202491","C10H14N2","C1CCC(NC1)C1=CC=CN=C1","DTXSID9041607","L-3-(2'-Piperidyl)pyridine","494-52-0","C10H14N2","C1CC[C@H](NC1)C1=CC=CN=C1","C1CCC(NC1)C1=CC=CN=C1","InChI=1/C10H14N2/c1-2-7-12-10(5-1)9-4-3-6-11-8-9/h3-4,6,8,10,12H,1-2,5,7H2","MTXSIJUGVMTTMU-UHFFFAOYSA-N","162.115698459","5.73e-08","43","0.0","270.0","50","6","1","1","0","0"
"C10H14N2","MS Ready Formula","DTXCID9031644","C10H14N2","C1CN(CCN1)C1=CC=CC=C1","DTXSID8057855","Phenylpiperazine","92-54-6","C10H14N2","C1CN(CCN1)C1=CC=CC=C1","C1CN(CCN1)C1=CC=CC=C1","InChI=1S/C10H14N2/c1-2-4-10(5-3-1)12-8-6-11-7-9-12/h1-5,11H,6-9H2","YZTJYBJCZXZGCT-UHFFFAOYSA-N","162.115698459","-","37","0.0","100.0","135","-","1","1","0","0"
"C10H14N2","MS Ready Formula","DTXCID9017696","C10H14N2","CNC=NC1=CC=C(C)C=C1C","DTXSID1037696","N'-(2,4-Dimethylphenyl)-N-methylformamidine","33089-74-6","C10H14N2","CNC=NC1=CC=C(C)C=C1C","CNC=NC1=CC=C(C)C=C1C","InChI=1S/C10H14N2/c1-8-4-5-10(9(2)6-8)12-7-11-3/h4-7H,1-3H3,(H,11,12)","JIIOLEGNERQDIP-UHFFFAOYSA-N","162.115698459","5.43e-08","36","0.0","13.0","39","6","1","0","1","0"
"C10H14N2","MS Ready Formula","DTXCID9028128","C10H14N2","CN1CCCC1C1=CN=CC=C1","DTXSID8021725","Nicotine sulfate","65-30-5","C20H30N4O4S","OS(O)(=O)=O.CN1CCC[C@H]1C1=CN=CC=C1.CN1CCC[C@H]1C1=CN=CC=C1","CN1CCCC1C1=CN=CC=C1","InChI=1/C10H14N2/c1-12-7-3-5-10(12)9-4-2-6-11-8-9/h2,4,6,8,10H,3,5,7H2,1H3","SNICXCGAKADSCV-UHFFFAOYSA-N","162.115698459","1.61e-07","34","2.9","-","16","4","1","0","0","0"
"C10H14N2","MS Ready Formula","DTXCID9028128","C10H14N2","CN1CCCC1C1=CN=CC=C1","DTXSID0046351","D-Nicotine","25162-00-9","C10H14N2","CN1CCC[C@@H]1C1=CN=CC=C1","CN1CCCC1C1=CN=CC=C1","InChI=1/C10H14N2/c1-12-7-3-5-10(12)9-4-2-6-11-8-9/h2,4,6,8,10H,3,5,7H2,1H3","SNICXCGAKADSCV-UHFFFAOYSA-N","162.115698459","1.19e-07","22","0.0","1.0","46","-","1","0","0","0"
"C10H14N2","MS Ready Formula","DTXCID9028128","C10H14N2","CN1CCCC1C1=CN=CC=C1","DTXSID3048154","DL-Nicotine","22083-74-5","C10H14N2","CN1CCCC1C1=CN=CC=C1","CN1CCCC1C1=CN=CC=C1","InChI=1/C10H14N2/c1-12-7-3-5-10(12)9-4-2-6-11-8-9/h2,4,6,8,10H,3,5,7H2,1H3","SNICXCGAKADSCV-UHFFFAOYSA-N","162.115698459","-","19","-","-","-","-","0","0","0","0"
"C10H14N2","MS Ready Formula","DTXCID9017696","C10H14N2","CNC=NC1=CC=C(C)C=C1C","DTXSID10199510","Semiamitraz chloride","51550-40-4","C10H15ClN2","Cl.CNC=NC1=C(C)C=C(C)C=C1","CNC=NC1=CC=C(C)C=C1C","InChI=1S/C10H14N2/c1-8-4-5-10(9(2)6-8)12-7-11-3/h4-7H,1-3H3,(H,11,12)","JIIOLEGNERQDIP-UHFFFAOYSA-N","162.115698459","-","13","-","13.0","18","4","0","1","0","0"
"C10H14N2","MS Ready Formula","DTXCID9028128","C10H14N2","CN1CCCC1C1=CN=CC=C1","DTXSID6020931","Nicotine hydrochloride","2820-51-1","C10H15ClN2","Cl.CN1CCC[C@H]1C1=CN=CC=C1","CN1CCCC1C1=CN=CC=C1","InChI=1/C10H14N2/c1-12-7-3-5-10(12)9-4-2-6-11-8-9/h2,4,6,8,10H,3,5,7H2,1H3","SNICXCGAKADSCV-UHFFFAOYSA-N","162.115698459","-","11","-","-","15","1","0","0","0","0"
"C10H14N2","MS Ready Formula","DTXCID201049423","C10H14N2","CCC(C)N=NC1=CC=CC=C1","DTXSID9051585","Phenylhydrazone-2-butanone","1129-62-0","C10H14N2","CC\C(C)=N\NC1=CC=CC=C1","CCC(C)N=NC1=CC=CC=C1","InChI=1/C10H14N2/c1-3-9(2)11-12-10-7-5-4-6-8-10/h4-9H,3H2,1-2H3","GOBXHRZJPKWGFI-UHFFFAOYSA-N","162.115698459","-","11","-","-","14","1","0","1","0","0"
"C10H14N2","MS Ready Formula","DTXCID50112980","C10H14N2","C(N1CCCC1)C1=CN=CC=C1","DTXSID90190489","N-(3-Pyridylmethyl)pyrrolidine","370-09-2","C10H14N2","C(N1CCCC1)C1=CN=CC=C1","C(N1CCCC1)C1=CN=CC=C1","InChI=1S/C10H14N2/c1-2-7-12(6-1)9-10-4-3-5-11-8-10/h3-5,8H,1-2,6-7,9H2","YFCWBKBNFCDPDF-UHFFFAOYSA-N","162.115698459","-","10","-","3.0","31","-","0","0","0","0"
"C10H14N2","MS Ready Formula","DTXCID5032737","C10H14N2","CN(C)C=NC1=C(C)C=CC=C1","DTXSID4065020","Methanimidamide, N,N-dimethyl-N'-(2-methylphenyl)-","10278-71-4","C10H14N2","CN(C)C=NC1=C(C)C=CC=C1","CN(C)C=NC1=C(C)C=CC=C1","InChI=1S/C10H14N2/c1-9-6-4-5-7-10(9)11-8-12(2)3/h4-8H,1-3H3","VTJDEAHIKIEJET-UHFFFAOYSA-N","162.115698459","-","7","-","-","23","-","0","1","0","0"
"C10H14N2","MS Ready Formula","DTXCID9028128","C10H14N2","CN1CCCC1C1=CN=CC=C1","DTXSID5075319","Benzoic acid, 2-hydroxy-, compd. with 3-[(2S)-1-methyl-2-pyrrolidinyl]pyridine (1:1)","29790-52-1","C17H20N2O3","OC(=O)C1=C(O)C=CC=C1.CN1CCC[C@H]1C1=CN=CC=C1","CN1CCCC1C1=CN=CC=C1,OC(=O)C1=C(O)C=CC=C1","InChI=1/C10H14N2/c1-12-7-3-5-10(12)9-4-2-6-11-8-9/h2,4,6,8,10H,3,5,7H2,1H3","SNICXCGAKADSCV-UHFFFAOYSA-N","162.115698459","-","7","-","-","11","1","0","0","0","0"
"C10H14N2","MS Ready Formula","DTXCID9031644","C10H14N2","C1CN(CCN1)C1=CC=CC=C1","DTXSID40176612","Piperazine, 1-phenyl-, hydrochloride","2210-93-7","C10H15ClN2","Cl.C1CN(CCN1)C1=CC=CC=C1","C1CN(CCN1)C1=CC=CC=C1","InChI=1S/C10H14N2/c1-2-4-10(5-3-1)12-8-6-11-7-9-12/h1-5,11H,6-9H2","YZTJYBJCZXZGCT-UHFFFAOYSA-N","162.115698459","-","7","-","100.0","58","2","0","0","0","0"
"C10H14N2","MS Ready Formula","DTXCID80104530","C10H14N2","C1CCN(CC1)C1=CC=NC=C1","DTXSID20182039","4-Piperidylpyridine","2767-90-0","C10H14N2","C1CCN(CC1)C1=CC=NC=C1","C1CCN(CC1)C1=CC=NC=C1","InChI=1S/C10H14N2/c1-2-8-12(9-3-1)10-4-6-11-7-5-10/h4-7H,1-3,8-9H2","MTPBUCCXRGSDCR-UHFFFAOYSA-N","162.115698459","-","7","-","-","84","-","0","1","0","0"
"C10H14N2","MS Ready Formula","DTXCID9031644","C10H14N2","C1CN(CCN1)C1=CC=CC=C1","DTXSID40193102","1-Phenylpiperazine dihydrochloride","4004-95-9","C10H16Cl2N2","Cl.Cl.C1CN(CCN1)C1=CC=CC=C1","C1CN(CCN1)C1=CC=CC=C1","InChI=1S/C10H14N2/c1-2-4-10(5-3-1)12-8-6-11-7-9-12/h1-5,11H,6-9H2","YZTJYBJCZXZGCT-UHFFFAOYSA-N","162.115698459","-","6","-","100.0","26","-","0","0","0","0"
"C10H14N2","MS Ready Formula","DTXCID401018573","C10H14N2","CCCC1=CC=C(CN=N)C=C1","DTXSID3072957","Benzaldehyde, 4-propyl-, hydrazone","93480-03-6","C10H14N2","CCCC1=CC=C(C=NN)C=C1","CCCC1=CC=C(CN=N)C=C1","InChI=1S/C10H14N2/c1-2-3-9-4-6-10(7-5-9)8-12-11/h4-7,11H,2-3,8H2,1H3","WCKRAJGMBAEBNM-UHFFFAOYSA-N","162.115698459","-","5","-","-","7","-","0","0","0","0"
"C10H14N2","MS Ready Formula","DTXCID9028128","C10H14N2","CN1CCCC1C1=CN=CC=C1","DTXSID20237235","(S)-Nicotine dicitrate","88660-51-9","C22H30N2O14","CN1CCC[C@H]1C1=CN=CC=C1.OC(=O)CC(O)(CC(O)=O)C(O)=O.OC(=O)CC(O)(CC(O)=O)C(O)=O","CN1CCCC1C1=CN=CC=C1,OC(=O)CC(O)(CC(O)=O)C(O)=O","InChI=1/C10H14N2/c1-12-7-3-5-10(12)9-4-2-6-11-8-9/h2,4,6,8,10H,3,5,7H2,1H3","SNICXCGAKADSCV-UHFFFAOYSA-N","162.115698459","-","5","-","-","4","1","0","1","0","0"
"C10H14N2","MS Ready Formula","DTXCID9028128","C10H14N2","CN1CCCC1C1=CN=CC=C1","DTXSID30884214","Pyridine, 3-[(2S)-1-methyl-2-pyrrolidinyl]-, hydrochloride (1:2)","6019-02-9","C10H16Cl2N2","Cl.Cl.CN1CCC[C@H]1C1=CN=CC=C1","CN1CCCC1C1=CN=CC=C1","InChI=1/C10H14N2/c1-12-7-3-5-10(12)9-4-2-6-11-8-9/h2,4,6,8,10H,3,5,7H2,1H3","SNICXCGAKADSCV-UHFFFAOYSA-N","162.115698459","-","5","-","-","-","1","0","0","0","0"
"C10H14N2","MS Ready Formula","DTXCID50202491","C10H14N2","C1CCC(NC1)C1=CC=CN=C1","DTXSID20185782","Anabasine dihydrochloride","31945-06-9","C10H16Cl2N2","Cl.Cl.C1CC[C@H](NC1)C1=CN=CC=C1","C1CCC(NC1)C1=CC=CN=C1","InChI=1/C10H14N2/c1-2-7-12-10(5-1)9-4-3-6-11-8-9/h3-4,6,8,10,12H,1-2,5,7H2","MTXSIJUGVMTTMU-UHFFFAOYSA-N","162.115698459","-","4","-","-","5","-","0","0","0","0"
"C10H14N2","MS Ready Formula","DTXCID40121122","C10H14N2","C=C(CCCC#N)CCCC#N","DTXSID80198631","5-Methylenenonanedinitrile","50592-61-5","C10H14N2","C=C(CCCC#N)CCCC#N","C=C(CCCC#N)CCCC#N","InChI=1S/C10H14N2/c1-10(6-2-4-8-11)7-3-5-9-12/h1-7H2","KKWHJFKPVHVBSZ-UHFFFAOYSA-N","162.115698459","-","4","-","-","17","-","0","1","0","0"
"C10H14N2","MS Ready Formula","DTXCID30138800","C10H14N2","CC1=C2NCCNC2=C(C)C=C1","DTXSID80216309","5,8-Dimethyl-1,2,3,4-tetrahydroquinoxaline","66102-39-4","C10H14N2","CC1=C2NCCNC2=C(C)C=C1","CC1=C2NCCNC2=C(C)C=C1","InChI=1S/C10H14N2/c1-7-3-4-8(2)10-9(7)11-5-6-12-10/h3-4,11-12H,5-6H2,1-2H3","DJVBBBRKTTVZCV-UHFFFAOYSA-N","162.115698459","-","4","-","-","13","-","0","0","0","0"
"C10H14N2","MS Ready Formula","DTXCID801067239","C10H14N2","CN(C)C=NC1=CC=CC(C)=C1","DTXSID50335218","Formamidine, N,N-dimethyl-N'-m-tolyl-","2305-75-1","C10H14N2","CN(C)\C=N\C1=CC=CC(C)=C1","CN(C)C=NC1=CC=CC(C)=C1","InChI=1S/C10H14N2/c1-9-5-4-6-10(7-9)11-8-12(2)3/h4-8H,1-3H3","NCXQXIRXTWIUDZ-UHFFFAOYSA-N","162.115698459","-","4","-","-","13","-","0","0","0","0"
"C10H14N2","MS Ready Formula","DTXCID0069838","C10H14N2","CC1=CC2=C(NCCN2)C=C1C","DTXSID40147347","Quinoxaline, 1,2,3,4-tetrahydro-6,7-dimethyl-","10579-68-7","C10H14N2","CC1=CC2=C(NCCN2)C=C1C","CC1=CC2=C(NCCN2)C=C1C","InChI=1S/C10H14N2/c1-7-5-9-10(6-8(7)2)12-4-3-11-9/h5-6,11-12H,3-4H2,1-2H3","DPSZEBZGBCWUBN-UHFFFAOYSA-N","162.115698459","-","3","-","-","21","-","0","0","0","0"
"C10H14N2","MS Ready Formula","DTXCID90101499","C10H14N2","CN1CCN(C)C2=CC=CC=C12","DTXSID00179008","Quinoxaline, 1,2,3,4-tetrahydro-1,4-dimethyl-","2427-06-7","C10H14N2","CN1CCN(C)C2=CC=CC=C12","CN1CCN(C)C2=CC=CC=C12","InChI=1S/C10H14N2/c1-11-7-8-12(2)10-6-4-3-5-9(10)11/h3-6H,7-8H2,1-2H3","XGJGSZQCWARFIA-UHFFFAOYSA-N","162.115698459","-","3","-","-","14","-","0","0","0","0"
"C10H14N2","MS Ready Formula","DTXCID50202491","C10H14N2","C1CCC(NC1)C1=CC=CN=C1","DTXSID30190963","(S)-3-(2-Piperidyl)pyridine, compound with picric acid (1:2)","37520-45-9","C22H20N8O14","C1CC[C@H](NC1)C1=CN=CC=C1.OC1=C(C=C(C=C1[N+]([O-])=O)[N+]([O-])=O)[N+]([O-])=O.OC1=C(C=C(C=C1[N+]([O-])=O)[N+]([O-])=O)[N+]([O-])=O","C1CCC(NC1)C1=CC=CN=C1,OC1=C(C=C(C=C1[N+]([O-])=O)[N+]([O-])=O)[N+]([O-])=O","InChI=1/C10H14N2/c1-2-7-12-10(5-1)9-4-3-6-11-8-9/h3-4,6,8,10,12H,1-2,5,7H2","MTXSIJUGVMTTMU-UHFFFAOYSA-N","162.115698459","-","3","-","-","5","-","0","0","0","0"
"C10H14N2","MS Ready Formula","DTXCID50134304","C10H14N2","CC1=C(C)C(N)=C2CCCC2=N1","DTXSID20211813","5H-1-Pyrindine, 6,7-dihydro-4-amino-2,3-dimethyl-, hydrate","62732-46-1","C10H14N2","CC1=C(C)C(N)=C2CCCC2=N1","CC1=C(C)C(N)=C2CCCC2=N1","InChI=1S/C10H14N2/c1-6-7(2)12-9-5-3-4-8(9)10(6)11/h3-5H2,1-2H3,(H2,11,12)","XCACCLNWIIMXHQ-UHFFFAOYSA-N","162.115698459","-","3","-","-","16","-","0","0","0","0"
"C10H14N2","MS Ready Formula","DTXCID10205185","C10H14N2","CCN\C(=N/C)c1ccccc1","DTXSID90214836","Benzenecarboximidamide, N-ethyl-N'-methyl-, monohydrochloride","64593-93-7","C10H15ClN2","Cl.CCN\C(=N/C)C1=CC=CC=C1","CCN\C(=N/C)c1ccccc1","InChI=1S/C10H14N2/c1-3-12-10(11-2)9-7-5-4-6-8-9/h4-8H,3H2,1-2H3,(H,11,12)","XPJYNRPRFVIUIH-UHFFFAOYSA-N","162.115698459","-","3","-","-","7","-","0","0","0","0"
"C10H14N2","MS Ready Formula","DTXCID50205189","C10H14N2","CN\C(=N/C)c1ccc(C)cc1","DTXSID80214840","Benzenecarboximidamide, N,N',4-trimethyl-, monohydrochloride","64594-06-5","C10H15ClN2","Cl.CN\C(=N/C)C1=CC=C(C)C=C1","CN\C(=N/C)c1ccc(C)cc1","InChI=1S/C10H14N2/c1-8-4-6-9(7-5-8)10(11-2)12-3/h4-7H,1-3H3,(H,11,12)","NWPZITRZECKRAL-UHFFFAOYSA-N","162.115698459","-","3","-","-","7","-","0","0","0","0"
"C10H14N2","MS Ready Formula","DTXCID30146925","C10H14N2","CCN1CCNC2=CC=CC=C12","DTXSID30224434","Quinoxaline, 1,2,3,4-tetrahydro-1-ethyl-","73855-46-6","C10H14N2","CCN1CCNC2=CC=CC=C12","CCN1CCNC2=CC=CC=C12","InChI=1S/C10H14N2/c1-2-12-8-7-11-9-5-3-4-6-10(9)12/h3-6,11H,2,7-8H2,1H3","KIDFEKJWQHWALS-UHFFFAOYSA-N","162.115698459","-","3","-","-","28","-","0","0","0","0"
"C10H14N2","MS Ready Formula","DTXCID9031644","C10H14N2","C1CN(CCN1)C1=CC=CC=C1","DTXSID10226052","Iron, (ethanedioato(2-)-O,O')bis(1-phenylpiperazine-N(sup 1),N(sup 4))-","75079-25-3","C22H28FeN4O4","[Fe++].[O-]C(=O)C([O-])=O.C1CN(CCN1)C1=CC=CC=C1.C1CN(CCN1)C1=CC=CC=C1","C1CN(CCN1)C1=CC=CC=C1,OC(=O)C(O)=O","InChI=1S/C10H14N2/c1-2-4-10(5-3-1)12-8-6-11-7-9-12/h1-5,11H,6-9H2","YZTJYBJCZXZGCT-UHFFFAOYSA-N","162.115698459","-","3","-","-","9","-","0","0","0","0"
"C10H14N2","MS Ready Formula","DTXCID60154033","C10H14N2","CN(C)C1=CC=C(C=C1)N1CC1","DTXSID30231542","p-Dimethylaminophenyl aziridine","82027-08-5","C10H14N2","CN(C)C1=CC=C(C=C1)N1CC1","CN(C)C1=CC=C(C=C1)N1CC1","InChI=1S/C10H14N2/c1-11(2)9-3-5-10(6-4-9)12-7-8-12/h3-6H,7-8H2,1-2H3","FSTZGHIBMJDRNA-UHFFFAOYSA-N","162.115698459","-","3","-","-","8","-","0","0","0","0"
"C10H14N2","MS Ready Formula","DTXCID10966183","C10H14N2","CCCCC1(C)CC1(C#N)C#N","DTXSID50337611","2-Butyl-2-methyl-1,1-cyclopropanedicarbonitrile","16738-89-9","C10H14N2","CCCCC1(C)CC1(C#N)C#N","CCCCC1(C)CC1(C#N)C#N","InChI=1/C10H14N2/c1-3-4-5-9(2)6-10(9,7-11)8-12/h3-6H2,1-2H3","YLNNLLQHQHTGKM-UHFFFAOYSA-N","162.115698459","-","3","-","-","9","-","0","0","0","0"
"C10H14N2","MS Ready Formula","DTXCID60306914","C10H14N2","C1CCN(CC1)C1=CC=CC=N1","DTXSID50355855","2-piperidin-1-ylpyridine","68654-52-4","C10H14N2","C1CCN(CC1)C1=CC=CC=N1","C1CCN(CC1)C1=CC=CC=N1","InChI=1S/C10H14N2/c1-4-8-12(9-5-1)10-6-2-3-7-11-10/h2-3,6-7H,1,4-5,8-9H2","AJEUJXWLOADTKA-UHFFFAOYSA-N","162.115698459","-","3","-","-","41","-","0","0","0","0"
"C10H14N2","MS Ready Formula","DTXCID40409811","C10H14N2","CN1CCCC2=C1C=C(N)C=C2","DTXSID10458992","1-Methyl-1,2,3,4-tetrahydroquinolin-7-amine","304690-94-6","C10H14N2","CN1CCCC2=C1C=C(N)C=C2","CN1CCCC2=C1C=C(N)C=C2","InChI=1S/C10H14N2/c1-12-6-2-3-8-4-5-9(11)7-10(8)12/h4-5,7H,2-3,6,11H2,1H3","OMGAOBAAEGMMTF-UHFFFAOYSA-N","162.115698459","-","3","-","-","66","-","0","0","0","0"
"C10H14N2","MS Ready Formula","DTXCID70971192","C10H14N2","NCCC1CNC2=CC=CC=C12","DTXSID80505861","2-(2,3-Dihydro-1H-indol-3-yl)ethan-1-amine","13078-91-6","C10H14N2","NCCC1CNC2=CC=CC=C12","NCCC1CNC2=CC=CC=C12","InChI=1/C10H14N2/c11-6-5-8-7-12-10-4-2-1-3-9(8)10/h1-4,8,12H,5-7,11H2","ZIMNJHFFARFXNK-UHFFFAOYSA-N","162.115698459","-","3","-","-","37","-","0","0","0","0"
"C10H14N2","MS Ready Formula","DTXCID50569379","C10H14N2","CC1=CC(N)=NC2=C1CCCC2","DTXSID60618625","4-Methyl-5,6,7,8-tetrahydroquinolin-2-amine","179555-21-6","C10H14N2","CC1=CC(N)=NC2=C1CCCC2","CC1=CC(N)=NC2=C1CCCC2","InChI=1S/C10H14N2/c1-7-6-10(11)12-9-5-3-2-4-8(7)9/h6H,2-5H2,1H3,(H2,11,12)","RGCUFPWLSHCPCA-UHFFFAOYSA-N","162.115698459","-","3","-","-","20","-","0","0","0","0"
"C10H14N2","MS Ready Formula","DTXCID9028128","C10H14N2","CN1CCCC1C1=CN=CC=C1","DTXSID80740634","Acetic acid--3-[(2S)-1-methylpyrrolidin-2-yl]pyridine (1/1)","5153-64-0","C12H18N2O2","CC(O)=O.CN1CCC[C@H]1C1=CN=CC=C1","CC(O)=O,CN1CCCC1C1=CN=CC=C1","InChI=1/C10H14N2/c1-12-7-3-5-10(12)9-4-2-6-11-8-9/h2,4,6,8,10H,3,5,7H2,1H3","SNICXCGAKADSCV-UHFFFAOYSA-N","162.115698459","-","3","-","-","4","1","0","0","0","0"
"C10H14N2","MS Ready Formula","DTXCID9028128","C10H14N2","CN1CCCC1C1=CN=CC=C1","DTXSID10858175","(2R,3R)-2,3-Bis[(4-methylbenzoyl)oxy]butanedioic acid--3-[(2S)-1-methylpyrrolidin-2-yl]pyridine (1/1)","68935-26-2","C30H32N2O8","CN1CCC[C@H]1C1=CN=CC=C1.CC1=CC=C(C=C1)C(=O)O[C@H]([C@@H](OC(=O)C1=CC=C(C)C=C1)C(O)=O)C(O)=O","Cc1ccc(cc1)C(=O)OC(C(OC(=O)c1ccc(C)cc1)C(O)=O)C(O)=O,CN1CCCC1C1=CN=CC=C1","InChI=1/C10H14N2/c1-12-7-3-5-10(12)9-4-2-6-11-8-9/h2,4,6,8,10H,3,5,7H2,1H3","SNICXCGAKADSCV-UHFFFAOYSA-N","162.115698459","-","3","-","-","4","1","0","0","0","0"
"C10H14N2","MS Ready Formula","DTXCID80862360","C10H14N2","C1CNC(CN1)C1=CC=CC=C1","DTXSID60290682","2-Phenylpiperazine","5271-26-1","C10H14N2","C1CNC(CN1)C1=CC=CC=C1","C1CNC(CN1)C1=CC=CC=C1","InChI=1/C10H14N2/c1-2-4-9(5-3-1)10-8-11-6-7-12-10/h1-5,10-12H,6-8H2","RIMRLBGNCLMSNH-UHFFFAOYSA-N","162.115698459","-","2","-","-","87","-","0","0","0","0"
"C10H14N2","MS Ready Formula","DTXCID9031644","C10H14N2","C1CN(CCN1)C1=CC=CC=C1","DTXSID00293011","1-phenylpiperazine benzoate(1:1)","23245-25-2","C17H20N2O2","OC(=O)C1=CC=CC=C1.C1CN(CCN1)C1=CC=CC=C1","C1CN(CCN1)C1=CC=CC=C1,OC(=O)C1=CC=CC=C1","InChI=1S/C10H14N2/c1-2-4-10(5-3-1)12-8-6-11-7-9-12/h1-5,11H,6-9H2","YZTJYBJCZXZGCT-UHFFFAOYSA-N","162.115698459","-","2","-","-","12","-","0","0","0","0"
"C10H14N2","MS Ready Formula","DTXCID9031644","C10H14N2","C1CN(CCN1)C1=CC=CC=C1","DTXSID60293012","4-aminobenzoic acid- 1-phenylpiperazine(1:1)","23245-22-9","C17H21N3O2","NC1=CC=C(C=C1)C(O)=O.C1CN(CCN1)C1=CC=CC=C1","C1CN(CCN1)C1=CC=CC=C1,NC1=CC=C(C=C1)C(O)=O","InChI=1S/C10H14N2/c1-2-4-10(5-3-1)12-8-6-11-7-9-12/h1-5,11H,6-9H2","YZTJYBJCZXZGCT-UHFFFAOYSA-N","162.115698459","-","2","-","-","10","-","0","0","0","0"
"C10H14N2","MS Ready Formula","DTXCID9031644","C10H14N2","C1CN(CCN1)C1=CC=CC=C1","DTXSID40293015","undecanoic acid- 1-phenylpiperazine(1:1)","23174-84-7","C21H36N2O2","C1CN(CCN1)C1=CC=CC=C1.CCCCCCCCCCC(O)=O","C1CN(CCN1)C1=CC=CC=C1,CCCCCCCCCCC(O)=O","InChI=1S/C10H14N2/c1-2-4-10(5-3-1)12-8-6-11-7-9-12/h1-5,11H,6-9H2","YZTJYBJCZXZGCT-UHFFFAOYSA-N","162.115698459","-","2","-","-","11","-","0","0","0","0"
"C10H14N2","MS Ready Formula","DTXCID9031644","C10H14N2","C1CN(CCN1)C1=CC=CC=C1","DTXSID50293046","2,4,6-trinitrophenol- 1-phenylpiperazine(1:1)","28004-83-3","C16H17N5O7","C1CN(CCN1)C1=CC=CC=C1.OC1=C(C=C(C=C1[N+]([O-])=O)[N+]([O-])=O)[N+]([O-])=O","C1CN(CCN1)C1=CC=CC=C1,OC1=C(C=C(C=C1[N+]([O-])=O)[N+]([O-])=O)[N+]([O-])=O","InChI=1S/C10H14N2/c1-2-4-10(5-3-1)12-8-6-11-7-9-12/h1-5,11H,6-9H2","YZTJYBJCZXZGCT-UHFFFAOYSA-N","162.115698459","-","2","-","-","12","-","0","0","0","0"
"C10H14N2","MS Ready Formula","DTXCID9031644","C10H14N2","C1CN(CCN1)C1=CC=CC=C1","DTXSID40293631","Pentafluoropropanoic acid--1-phenylpiperazine (1/1)","893-87-8","C13H15F5N2O2","OC(=O)C(F)(F)C(F)(F)F.C1CN(CCN1)C1=CC=CC=C1","C1CN(CCN1)C1=CC=CC=C1,OC(=O)C(F)(F)C(F)(F)F","InChI=1S/C10H14N2/c1-2-4-10(5-3-1)12-8-6-11-7-9-12/h1-5,11H,6-9H2","YZTJYBJCZXZGCT-UHFFFAOYSA-N","162.115698459","-","2","-","-","9","-","0","0","0","0"
"C10H14N2","MS Ready Formula","DTXCID9031644","C10H14N2","C1CN(CCN1)C1=CC=CC=C1","DTXSID00293632","3,5,6-trichloro-2,2,3,4,4,5,6,6-octafluorohexanoic acid- 1-phenylpiperazine(1:1)","1511-42-8","C16H15Cl3F8N2O2","C1CN(CCN1)C1=CC=CC=C1.OC(=O)C(F)(F)C(F)(Cl)C(F)(F)C(F)(Cl)C(F)(F)Cl","C1CN(CCN1)C1=CC=CC=C1,OC(=O)C(F)(F)C(F)(Cl)C(F)(F)C(F)(Cl)C(F)(F)Cl","InChI=1S/C10H14N2/c1-2-4-10(5-3-1)12-8-6-11-7-9-12/h1-5,11H,6-9H2","YZTJYBJCZXZGCT-UHFFFAOYSA-N","162.115698459","-","2","-","-","10","-","0","0","0","0"
"C10H14N2","MS Ready Formula","DTXCID9031644","C10H14N2","C1CN(CCN1)C1=CC=CC=C1","DTXSID60293633","pentadecafluorooctanoic acid- 1-phenylpiperazine(1:1)","1514-68-7","C18H15F15N2O2","C1CN(CCN1)C1=CC=CC=C1.OC(=O)C(F)(F)C(F)(F)C(F)(F)C(F)(F)C(F)(F)C(F)(F)C(F)(F)F","C1CN(CCN1)C1=CC=CC=C1,OC(=O)C(F)(F)C(F)(F)C(F)(F)C(F)(F)C(F)(F)C(F)(F)C(F)(F)F","InChI=1S/C10H14N2/c1-2-4-10(5-3-1)12-8-6-11-7-9-12/h1-5,11H,6-9H2","YZTJYBJCZXZGCT-UHFFFAOYSA-N","162.115698459","-","2","-","-","11","-","0","0","0","0"
"C10H14N2","MS Ready Formula","DTXCID9031644","C10H14N2","C1CN(CCN1)C1=CC=CC=C1","DTXSID20293634","1-phenylpiperazine; 2,2,3,3,4,4,5,5,6,6,6-undecafluorohexanoic acid","985-60-4","C16H15F11N2O2","C1CN(CCN1)C1=CC=CC=C1.OC(=O)C(F)(F)C(F)(F)C(F)(F)C(F)(F)C(F)(F)F","C1CN(CCN1)C1=CC=CC=C1,OC(=O)C(F)(F)C(F)(F)C(F)(F)C(F)(F)C(F)(F)F","InChI=1S/C10H14N2/c1-2-4-10(5-3-1)12-8-6-11-7-9-12/h1-5,11H,6-9H2","YZTJYBJCZXZGCT-UHFFFAOYSA-N","162.115698459","-","2","-","-","9","-","0","0","0","0"
"C10H14N2","MS Ready Formula","DTXCID9031644","C10H14N2","C1CN(CCN1)C1=CC=CC=C1","DTXSID80293635","heptafluorobutanoic acid- 1-phenylpiperazine(1:1)","2263-11-8","C14H15F7N2O2","C1CN(CCN1)C1=CC=CC=C1.OC(=O)C(F)(F)C(F)(F)C(F)(F)F","C1CN(CCN1)C1=CC=CC=C1,OC(=O)C(F)(F)C(F)(F)C(F)(F)F","InChI=1S/C10H14N2/c1-2-4-10(5-3-1)12-8-6-11-7-9-12/h1-5,11H,6-9H2","YZTJYBJCZXZGCT-UHFFFAOYSA-N","162.115698459","-","2","-","-","10","-","0","0","0","0"
"C10H14N2","MS Ready Formula","DTXCID9031644","C10H14N2","C1CN(CCN1)C1=CC=CC=C1","DTXSID40293636","1-phenylpiperazine trifluoroacetate(1:1)","1511-32-6","C12H15F3N2O2","OC(=O)C(F)(F)F.C1CN(CCN1)C1=CC=CC=C1","C1CN(CCN1)C1=CC=CC=C1,OC(=O)C(F)(F)F","InChI=1S/C10H14N2/c1-2-4-10(5-3-1)12-8-6-11-7-9-12/h1-5,11H,6-9H2","YZTJYBJCZXZGCT-UHFFFAOYSA-N","162.115698459","-","2","-","-","10","-","0","0","0","0"
"C10H14N2","MS Ready Formula","DTXCID9031644","C10H14N2","C1CN(CCN1)C1=CC=CC=C1","DTXSID30296631","hydroxyacetic acid- 1-phenylpiperazine(1:1)","23168-20-9","C12H18N2O3","OCC(O)=O.C1CN(CCN1)C1=CC=CC=C1","C1CN(CCN1)C1=CC=CC=C1,OCC(O)=O","InChI=1S/C10H14N2/c1-2-4-10(5-3-1)12-8-6-11-7-9-12/h1-5,11H,6-9H2","YZTJYBJCZXZGCT-UHFFFAOYSA-N","162.115698459","-","2","-","-","11","-","0","0","0","0"
"C10H14N2","MS Ready Formula","DTXCID9031644","C10H14N2","C1CN(CCN1)C1=CC=CC=C1","DTXSID90296632","4-hydroxybenzoic acid- 1-phenylpiperazine(1:1)","23168-25-4","C17H20N2O3","OC(=O)C1=CC=C(O)C=C1.C1CN(CCN1)C1=CC=CC=C1","C1CN(CCN1)C1=CC=CC=C1,OC(=O)C1=CC=C(O)C=C1","InChI=1S/C10H14N2/c1-2-4-10(5-3-1)12-8-6-11-7-9-12/h1-5,11H,6-9H2","YZTJYBJCZXZGCT-UHFFFAOYSA-N","162.115698459","-","2","-","-","12","-","0","0","0","0"
"C10H14N2","MS Ready Formula","DTXCID9031644","C10H14N2","C1CN(CCN1)C1=CC=CC=C1","DTXSID50296633","phenylacetic acid- 1-phenylpiperazine(1:1)","23245-04-7","C18H22N2O2","OC(=O)CC1=CC=CC=C1.C1CN(CCN1)C1=CC=CC=C1","C1CN(CCN1)C1=CC=CC=C1,OC(=O)CC1=CC=CC=C1","InChI=1S/C10H14N2/c1-2-4-10(5-3-1)12-8-6-11-7-9-12/h1-5,11H,6-9H2","YZTJYBJCZXZGCT-UHFFFAOYSA-N","162.115698459","-","2","-","-","11","-","0","0","0","0"
"C10H14N2","MS Ready Formula","DTXCID9031644","C10H14N2","C1CN(CCN1)C1=CC=CC=C1","DTXSID10296634","2-benzamidoacetic acid; 1-phenylpiperazine","23168-21-0","C19H23N3O3","C1CN(CCN1)C1=CC=CC=C1.OC(=O)CNC(=O)C1=CC=CC=C1","C1CN(CCN1)C1=CC=CC=C1,OC(=O)CNC(=O)C1=CC=CC=C1","InChI=1S/C10H14N2/c1-2-4-10(5-3-1)12-8-6-11-7-9-12/h1-5,11H,6-9H2","YZTJYBJCZXZGCT-UHFFFAOYSA-N","162.115698459","-","2","-","-","10","-","0","0","0","0"
"C10H14N2","MS Ready Formula","DTXCID9031644","C10H14N2","C1CN(CCN1)C1=CC=CC=C1","DTXSID70296635","tetradecanoic acid- 1-phenylpiperazine(1:1)","23246-65-3","C24H42N2O2","C1CN(CCN1)C1=CC=CC=C1.CCCCCCCCCCCCCC(O)=O","C1CN(CCN1)C1=CC=CC=C1,CCCCCCCCCCCCCC(O)=O","InChI=1S/C10H14N2/c1-2-4-10(5-3-1)12-8-6-11-7-9-12/h1-5,11H,6-9H2","YZTJYBJCZXZGCT-UHFFFAOYSA-N","162.115698459","-","2","-","-","10","-","0","0","0","0"
"C10H14N2","MS Ready Formula","DTXCID9031644","C10H14N2","C1CN(CCN1)C1=CC=CC=C1","DTXSID20325883","2-(2,4-dichlorophenoxy)acetic acid; 1-phenylpiperazine","26260-05-9","C18H20Cl2N2O3","C1CN(CCN1)C1=CC=CC=C1.OC(=O)COC1=C(Cl)C=C(Cl)C=C1","C1CN(CCN1)C1=CC=CC=C1,OC(=O)COC1=C(Cl)C=C(Cl)C=C1","InChI=1S/C10H14N2/c1-2-4-10(5-3-1)12-8-6-11-7-9-12/h1-5,11H,6-9H2","YZTJYBJCZXZGCT-UHFFFAOYSA-N","162.115698459","-","2","-","-","7","-","0","0","0","0"
"C10H14N2","MS Ready Formula","DTXCID90279465","C10H14N2","CNN1CCC2=CC=CC=C2C1","DTXSID60328358","N-methyl-3,4-dihydro-1H-isoquinolin-2-amine","94314-66-6","C10H14N2","CNN1CCC2=CC=CC=C2C1","CNN1CCC2=CC=CC=C2C1","InChI=1S/C10H14N2/c1-11-12-7-6-9-4-2-3-5-10(9)8-12/h2-5,11H,6-8H2,1H3","FKSNFGGLYGSUSO-UHFFFAOYSA-N","162.115698459","-","2","-","-","15","-","0","0","0","0"
"C10H14N2","MS Ready Formula","DTXCID00966314","C10H14N2","CN1CCC(C1)C1=CN=CC=C1","DTXSID50337914","3-(1-Methyl-3-pyrrolidinyl)pyridine","92118-22-4","C10H14N2","CN1CCC(C1)C1=CN=CC=C1","CN1CCC(C1)C1=CN=CC=C1","InChI=1/C10H14N2/c1-12-6-4-10(8-12)9-3-2-5-11-7-9/h2-3,5,7,10H,4,6,8H2,1H3","UEIZUEWXLJOVLD-UHFFFAOYSA-N","162.115698459","-","2","-","-","22","-","0","0","0","0"
"C10H14N2","MS Ready Formula","DTXCID00299715","C10H14N2","CN1CCN(C)C1=C1C=CC=C1","DTXSID70348643","2-cyclopenta-2,4-dien-1-ylidene-1,3-dimethylimidazolidine","81541-00-6","C10H14N2","CN1CCN(C)C1=C1C=CC=C1","CN1CCN(C)C1=C1C=CC=C1","InChI=1S/C10H14N2/c1-11-7-8-12(2)10(11)9-5-3-4-6-9/h3-6H,7-8H2,1-2H3","QEECQVPPUAOIGW-UHFFFAOYSA-N","162.115698459","-","2","-","-","8","-","0","0","0","0"
"C10H14N2","MS Ready Formula","DTXCID40306674","C10H14N2","NC1=CC=C(C=C1)N1CCCC1","DTXSID10355614","4-(pyrrolidin-1-yl)aniline","2632-65-7","C10H14N2","NC1=CC=C(C=C1)N1CCCC1","NC1=CC=C(C=C1)N1CCCC1","InChI=1S/C10H14N2/c11-9-3-5-10(6-4-9)12-7-1-2-8-12/h3-6H,1-2,7-8,11H2","URAARCWOADCWLA-UHFFFAOYSA-N","162.115698459","-","2","-","-","75","-","0","0","0","0"
"C10H14N2","MS Ready Formula","DTXCID50310141","C10H14N2","NC1=CC=CC=C1N1CCCC1","DTXSID60359086","2-pyrrolidin-1-ylaniline","21627-58-7","C10H14N2","NC1=CC=CC=C1N1CCCC1","NC1=CC=CC=C1N1CCCC1","InChI=1S/C10H14N2/c11-9-5-1-2-6-10(9)12-7-3-4-8-12/h1-2,5-6H,3-4,7-8,11H2","BFPUBGCFJMIZDF-UHFFFAOYSA-N","162.115698459","-","2","-","-","62","-","0","0","0","0"
"C10H14N2","MS Ready Formula","DTXCID80311782","C10H14N2","C1CC(CCN1)C1=CC=NC=C1","DTXSID40360731","4-(piperidin-4-yl)pyridine","581-45-3","C10H14N2","C1CC(CCN1)C1=CC=NC=C1","C1CC(CCN1)C1=CC=NC=C1","InChI=1S/C10H14N2/c1-5-11-6-2-9(1)10-3-7-12-8-4-10/h1-2,5-6,10,12H,3-4,7-8H2","RGBWBVGQZFJTEO-UHFFFAOYSA-N","162.115698459","-","2","-","-","65","-","0","0","0","0"
"C10H14N2","MS Ready Formula","DTXCID80329100","C10H14N2","C1CCNC2=CC=CC=C2NC1","DTXSID80378072","1,2,3,4,5,6-hexahydro-1,6-benzodiazocine","39161-58-5","C10H14N2","C1CCNC2=CC=CC=C2NC1","C1CCNC2=CC=CC=C2NC1","InChI=1S/C10H14N2/c1-2-6-10-9(5-1)11-7-3-4-8-12-10/h1-2,5-6,11-12H,3-4,7-8H2","RFRZYBRMESKXKP-UHFFFAOYSA-N","162.115698459","-","2","-","-","26","-","0","0","0","0"
"C10H14N2","MS Ready Formula","DTXCID40358118","C10H14N2","CC1=C(C)C=C(CC(N)=N)C=C1","DTXSID90407266","2-(3,4-dimethylphenyl)ethanimidamide","6511-96-2","C10H14N2","CC1=C(C)C=C(CC(N)=N)C=C1","CC1=C(C)C=C(CC(N)=N)C=C1","InChI=1S/C10H14N2/c1-7-3-4-9(5-8(7)2)6-10(11)12/h3-5H,6H2,1-2H3,(H3,11,12)","HDWGUBKBOQWZIY-UHFFFAOYSA-N","162.115698459","-","2","-","-","16","-","0","0","0","0"
"C10H14N2","MS Ready Formula","DTXCID30366747","C10H14N2","CC1CNC2=CC=CC=C2NC1","DTXSID60415898","3-methyl-2,3,4,5-tetrahydro-1H-1,5-benzodiazepine","133405-86-4","C10H14N2","CC1CNC2=CC=CC=C2NC1","CC1CNC2=CC=CC=C2NC1","InChI=1S/C10H14N2/c1-8-6-11-9-4-2-3-5-10(9)12-7-8/h2-5,8,11-12H,6-7H2,1H3","BGDQHQHPELLNKQ-UHFFFAOYSA-N","162.115698459","-","2","-","-","19","-","0","0","0","0"
"C10H14N2","MS Ready Formula","DTXCID70366847","C10H14N2","N#CC1=C2CCCCN2CCC1","DTXSID00415998","2H-Quinolizine-1-carbonitrile, 3,4,6,7,8,9-hexahydro-","145801-19-0","C10H14N2","N#CC1=C2CCCCN2CCC1","N#CC1=C2CCCCN2CCC1","InChI=1S/C10H14N2/c11-8-9-4-3-7-12-6-2-1-5-10(9)12/h1-7H2","VDHOBIAQGHQZPW-UHFFFAOYSA-N","162.115698459","-","2","-","-","13","-","0","0","0","0"
"C10H14N2","MS Ready Formula","DTXCID9031644","C10H14N2","C1CN(CCN1)C1=CC=CC=C1","DTXSID80419030","NSC110641","23245-37-6","C19H22N2O2","OC(=O)\C=C/C1=CC=CC=C1.C1CN(CCN1)C1=CC=CC=C1","C1CN(CCN1)C1=CC=CC=C1,OC(=O)C=CC1=CC=CC=C1","InChI=1S/C10H14N2/c1-2-4-10(5-3-1)12-8-6-11-7-9-12/h1-5,11H,6-9H2","YZTJYBJCZXZGCT-UHFFFAOYSA-N","162.115698459","-","2","-","-","6","-","0","0","0","0"
"C10H14N2","MS Ready Formula","DTXCID10389651","C10H14N2","C1CC(CCN1)C1=CC=CC=N1","DTXSID00438829","2-(Piperidin-4-yl)pyridine","30532-37-7","C10H14N2","C1CC(CCN1)C1=CC=CC=N1","C1CC(CCN1)C1=CC=CC=N1","InChI=1S/C10H14N2/c1-2-6-12-10(3-1)9-4-7-11-8-5-9/h1-3,6,9,11H,4-5,7-8H2","KVNQCSIGNRPHHM-UHFFFAOYSA-N","162.115698459","-","2","-","-","45","-","0","0","0","0"
"C10H14N2","MS Ready Formula","DTXCID90393170","C10H14N2","CC1=C2NCCNCC2=CC=C1","DTXSID40442349","9-Methyl-2,3,4,5-tetrahydro-1H-benzo[e][1,4]diazepine","195986-82-4","C10H14N2","CC1=C2NCCNCC2=CC=C1","CC1=C2NCCNCC2=CC=C1","InChI=1S/C10H14N2/c1-8-3-2-4-9-7-11-5-6-12-10(8)9/h2-4,11-12H,5-7H2,1H3","LCZRNBVXQPCCDG-UHFFFAOYSA-N","162.115698459","-","2","-","-","41","-","0","0","0","0"
"C10H14N2","MS Ready Formula","DTXCID20446067","C10H14N2","CC1=NC2=C(CCCN2)C(C)=C1","DTXSID20495257","5,7-Dimethyl-1,2,3,4-tetrahydro-1,8-naphthyridine","65541-95-9","C10H14N2","CC1=NC2=C(CCCN2)C(C)=C1","CC1=NC2=C(CCCN2)C(C)=C1","InChI=1S/C10H14N2/c1-7-6-8(2)12-10-9(7)4-3-5-11-10/h6H,3-5H2,1-2H3,(H,11,12)","DXIRHDQUVVQLGI-UHFFFAOYSA-N","162.115698459","-","2","-","-","25","-","0","0","0","0"
"C10H14N2","MS Ready Formula","DTXCID30972044","C10H14N2","CC1=NC=C(C=C1)C1CCCN1","DTXSID60508855","2-Methyl-5-(pyrrolidin-2-yl)pyridine","90872-72-3","C10H14N2","CC1=NC=C(C=C1)C1CCCN1","CC1=NC=C(C=C1)C1CCCN1","InChI=1/C10H14N2/c1-8-4-5-9(7-12-8)10-3-2-6-11-10/h4-5,7,10-11H,2-3,6H2,1H3","WZVVISVPTUREQN-UHFFFAOYSA-N","162.115698459","-","2","-","-","26","-","0","0","0","0"
"C10H14N2","MS Ready Formula","DTXCID70944003","C10H14N2","C1CNCC(C1)C1=CC=CC=N1","DTXSID80560233","2-(Piperidin-3-yl)pyridine","40864-10-6","C10H14N2","C1CNCC(C1)C1=CC=CC=N1","C1CNCC(C1)C1=CC=CC=N1","InChI=1/C10H14N2/c1-2-7-12-10(5-1)9-4-3-6-11-8-9/h1-2,5,7,9,11H,3-4,6,8H2","ZCEKZDKAGHJNRD-UHFFFAOYSA-N","162.115698459","-","2","-","-","32","-","0","0","0","0"
"C10H14N2","MS Ready Formula","DTXCID20950699","C10H14N2","CC(NC1CC1)C1=CN=CC=C1","DTXSID70588269","N-[1-(Pyridin-3-yl)ethyl]cyclopropanamine","183609-12-3","C10H14N2","CC(NC1CC1)C1=CN=CC=C1","CC(NC1CC1)C1=CN=CC=C1","InChI=1/C10H14N2/c1-8(12-10-4-5-10)9-3-2-6-11-7-9/h2-3,6-8,10,12H,4-5H2,1H3","XJCXOPUZWYXCES-UHFFFAOYSA-N","162.115698459","-","2","-","-","24","-","0","0","0","0"
"C10H14N2","MS Ready Formula","DTXCID10540861","C10H14N2","C(NC1CCC1)C1=CN=CC=C1","DTXSID00590097","N-[(Pyridin-3-yl)methyl]cyclobutanamine","185509-76-6","C10H14N2","C(NC1CCC1)C1=CN=CC=C1","C(NC1CCC1)C1=CN=CC=C1","InChI=1S/C10H14N2/c1-4-10(5-1)12-8-9-3-2-6-11-7-9/h2-3,6-7,10,12H,1,4-5,8H2","UFFMGQWREGJEFM-UHFFFAOYSA-N","162.115698459","-","2","-","-","16","-","0","0","0","0"
"C10H14N2","MS Ready Formula","DTXCID00560194","C10H14N2","CC1=CC2=C(NCCNC2)C=C1","DTXSID60609437","7-Methyl-2,3,4,5-tetrahydro-1H-1,4-benzodiazepine","422318-36-3","C10H14N2","CC1=CC2=C(NCCNC2)C=C1","CC1=CC2=C(NCCNC2)C=C1","InChI=1S/C10H14N2/c1-8-2-3-10-9(6-8)7-11-4-5-12-10/h2-3,6,11-12H,4-5,7H2,1H3","NJFPGSCEQVZTIQ-UHFFFAOYSA-N","162.115698459","-","2","-","-","41","-","0","0","0","0"
"C10H14N2","MS Ready Formula","DTXCID50584769","C10H14N2","CC1(C)CNC2=C1C=CC(N)=C2","DTXSID10634017","3,3-Dimethyl-2,3-dihydro-1H-indol-6-amine","179898-73-8","C10H14N2","CC1(C)CNC2=C1C=CC(N)=C2","CC1(C)CNC2=C1C=CC(N)=C2","InChI=1S/C10H14N2/c1-10(2)6-12-9-5-7(11)3-4-8(9)10/h3-5,12H,6,11H2,1-2H3","OVSRQUPJJIAWID-UHFFFAOYSA-N","162.115698459","-","2","-","-","40","-","0","0","0","0"
"C10H14N2","MS Ready Formula","DTXCID9028128","C10H14N2","CN1CCCC1C1=CN=CC=C1","DTXSID00657553","2,3-Bis[(4-methylbenzoyl)oxy]butanedioic acid--3-(1-methylpyrrolidin-2-yl)pyridine (1/1)","68935-27-3","C30H32N2O8","CN1CCCC1C1=CN=CC=C1.CC1=CC=C(C=C1)C(=O)OC(C(OC(=O)C1=CC=C(C)C=C1)C(O)=O)C(O)=O","Cc1ccc(cc1)C(=O)OC(C(OC(=O)c1ccc(C)cc1)C(O)=O)C(O)=O,CN1CCCC1C1=CN=CC=C1","InChI=1/C10H14N2/c1-12-7-3-5-10(12)9-4-2-6-11-8-9/h2,4,6,8,10H,3,5,7H2,1H3","SNICXCGAKADSCV-UHFFFAOYSA-N","162.115698459","-","2","-","-","11","-","0","0","0","0"
"C10H14N2","MS Ready Formula","DTXCID90608418","C10H14N2","CC(C)=CCNC1=CC=CC=N1","DTXSID50657669","N-(3-Methylbut-2-en-1-yl)pyridin-2-amine","62327-66-6","C10H14N2","CC(C)=CCNC1=CC=CC=N1","CC(C)=CCNC1=CC=CC=N1","InChI=1S/C10H14N2/c1-9(2)6-8-12-10-5-3-4-7-11-10/h3-7H,8H2,1-2H3,(H,11,12)","YJJRIKKGZXGQHB-UHFFFAOYSA-N","162.115698459","-","2","-","-","8","-","0","0","0","0"
"C10H14N2","MS Ready Formula","DTXCID60609210","C10H14N2","NC1=CC2=C(CCCNC2)C=C1","DTXSID20658461","2,3,4,5-Tetrahydro-1H-2-benzazepin-8-amine","72232-25-8","C10H14N2","NC1=CC2=C(CCCNC2)C=C1","NC1=CC2=C(CCCNC2)C=C1","InChI=1S/C10H14N2/c11-10-4-3-8-2-1-5-12-7-9(8)6-10/h3-4,6,12H,1-2,5,7,11H2","DAEJBLXGXUDKSD-UHFFFAOYSA-N","162.115698459","-","2","-","-","16","-","0","0","0","0"
"C10H14N2","MS Ready Formula","DTXCID9031644","C10H14N2","C1CN(CCN1)C1=CC=CC=C1","DTXSID00715061","2,3-Dihydroxybutanedioic acid--1-phenylpiperazine (1/1)","23349-55-5","C14H20N2O6","OC(C(O)C(O)=O)C(O)=O.C1CN(CCN1)C1=CC=CC=C1","C1CN(CCN1)C1=CC=CC=C1,OC(C(O)C(O)=O)C(O)=O","InChI=1S/C10H14N2/c1-2-4-10(5-3-1)12-8-6-11-7-9-12/h1-5,11H,6-9H2","YZTJYBJCZXZGCT-UHFFFAOYSA-N","162.115698459","-","2","-","-","3","-","0","0","0","0"
"C10H14N2","MS Ready Formula","DTXCID601273616","C10H14N2","CN=CCC(C)C1=NC=CC=C1","DTXSID20874104","N-Me-(3-Pyridylbutene-1-yl)-amine","NOCAS_874104","C10H14N2","CN\C=C\C(C)C1=CC=CC=N1","CN=CCC(C)C1=NC=CC=C1","InChI=1/C10H14N2/c1-9(6-8-11-2)10-5-3-4-7-12-10/h3-5,7-9H,6H2,1-2H3","PPDVXHJLDOVDFC-UHFFFAOYSA-N","162.115698459","-","2","-","-","-","-","0","0","0","0"
"C10H14N2","MS Ready Formula","DTXCID101060763","C10H14N2","CN=NCCCC1=CC=CC=C1","DTXSID90876059","w-Phenylpropionaldehyd N-Me hydrazone","NOCAS_876059","C10H14N2","CN\N=C\CCC1=CC=CC=C1","CN=NCCCC1=CC=CC=C1","InChI=1S/C10H14N2/c1-11-12-9-5-8-10-6-3-2-4-7-10/h2-4,6-7H,5,8-9H2,1H3","WLTBVTUQXAVSLH-UHFFFAOYSA-N","162.115698459","-","2","-","-","-","-","0","0","0","0"
"C10H14N2","MS Ready Formula","DTXCID001030555","C10H14N2","CN(C=N)C1=C(C)C=C(C)C=C1","DTXSID70891442","N-(2,4-Dimethylphenyl)-N-methylimidoformamide","NOCAS_891442","C10H14N2","CN(C=N)C1=C(C)C=C(C)C=C1","CN(C=N)C1=C(C)C=C(C)C=C1","InChI=1S/C10H14N2/c1-8-4-5-10(9(2)6-8)12(3)7-11/h4-7,11H,1-3H3","UBLNTZNUSGCINZ-UHFFFAOYSA-N","162.115698459","-","2","-","-","-","-","0","0","1","0"
"C10H14N2","MS Ready Formula","DTXCID401067251","C10H14N2","CN(C)C(C)=NC1=CC=CC=C1","DTXSID00335465","N'-Phenyl-N,N-dimethyl-acetamidine","4023-12-5","C10H14N2","CN(C)C(\C)=N\C1=CC=CC=C1","CN(C)C(C)=NC1=CC=CC=C1","InChI=1S/C10H14N2/c1-9(12(2)3)11-10-7-5-4-6-8-10/h4-8H,1-3H3","ARYJQIYRCNBDOU-UHFFFAOYSA-N","162.115698459","-","1","-","-","13","-","0","0","0","0"
"C10H14N2","MS Ready Formula","DTXCID20311120","C10H14N2","NCCN1CCC2=CC=CC=C12","DTXSID30360068","2-(2,3-dihydro-1H-indol-1-yl)ethanamine","46006-95-5","C10H14N2","NCCN1CCC2=CC=CC=C12","NCCN1CCC2=CC=CC=C12","InChI=1S/C10H14N2/c11-6-8-12-7-5-9-3-1-2-4-10(9)12/h1-4H,5-8,11H2","HNLHKBSAQALACU-UHFFFAOYSA-N","162.115698459","-","1","-","-","46","-","0","0","0","0"
"C10H14N2","MS Ready Formula","DTXCID00315045","C10H14N2","NC1=CC(=CC=C1)N1CCCC1","DTXSID90363999","3-(pyrrolidin-1-yl)aniline","115833-93-7","C10H14N2","NC1=CC(=CC=C1)N1CCCC1","NC1=CC(=CC=C1)N1CCCC1","InChI=1S/C10H14N2/c11-9-4-3-5-10(8-9)12-6-1-2-7-12/h3-5,8H,1-2,6-7,11H2","DNPBFTQZONVQDX-UHFFFAOYSA-N","162.115698459","-","1","-","-","67","-","0","0","0","0"
"C10H14N2","MS Ready Formula","DTXCID20328591","C10H14N2","NNC1=CC=CC2=C1CCCC2","DTXSID60377563","(5,6,7,8-Tetrahydronaphthalen-1-yl)hydrazine","85790-17-6","C10H14N2","NNC1=CC=CC2=C1CCCC2","NNC1=CC=CC2=C1CCCC2","InChI=1S/C10H14N2/c11-12-10-7-3-5-8-4-1-2-6-9(8)10/h3,5,7,12H,1-2,4,6,11H2","UFWAWZMOTPGQJU-UHFFFAOYSA-N","162.115698459","-","1","-","-","22","-","0","0","0","0"
"C10H14N2","MS Ready Formula","DTXCID90343478","C10H14N2","CC1=CC(CC(N)=N)=C(C)C=C1","DTXSID80392617","2-(2,5-dimethylphenyl)ethanimidamide","374064-83-2","C10H14N2","CC1=CC(CC(N)=N)=C(C)C=C1","CC1=CC(CC(N)=N)=C(C)C=C1","InChI=1S/C10H14N2/c1-7-3-4-8(2)9(5-7)6-10(11)12/h3-5H,6H2,1-2H3,(H3,11,12)","VLLICFQUTUMOSR-UHFFFAOYSA-N","162.115698459","-","1","-","-","20","-","0","0","0","0"
"C10H14N2","MS Ready Formula","DTXCID30822257","C10H14N2","CC1CNC(C1)C1=CC=CC=N1","DTXSID90392825","2-(4-methylpyrrolidin-2-yl)pyridine","603089-88-9","C10H14N2","CC1CNC(C1)C1=CC=CC=N1","CC1CNC(C1)C1=CC=CC=N1","InChI=1/C10H14N2/c1-8-6-10(12-7-8)9-4-2-3-5-11-9/h2-5,8,10,12H,6-7H2,1H3","VWDIKMSZQOMQLZ-UHFFFAOYSA-N","162.115698459","-","1","-","-","13","-","0","0","0","0"
"C10H14N2","MS Ready Formula","DTXCID60344437","C10H14N2","CC1=CC(CC(N)=N)=CC(C)=C1","DTXSID70393577","2-(3,5-dimethylphenyl)ethanimidamide","374064-84-3","C10H14N2","CC1=CC(CC(N)=N)=CC(C)=C1","CC1=CC(CC(N)=N)=CC(C)=C1","InChI=1S/C10H14N2/c1-7-3-8(2)5-9(4-7)6-10(11)12/h3-5H,6H2,1-2H3,(H3,11,12)","PJVBSBPSXZOUEQ-UHFFFAOYSA-N","162.115698459","-","1","-","-","16","-","0","0","0","0"
"C10H14N2","MS Ready Formula","DTXCID20356455","C10H14N2","C1CC(CCN1)C1=CN=CC=C1","DTXSID50405602","3-(Piperidin-4-yl)pyridine","161609-89-8","C10H14N2","C1CC(CCN1)C1=CN=CC=C1","C1CC(CCN1)C1=CN=CC=C1","InChI=1S/C10H14N2/c1-2-10(8-12-5-1)9-3-6-11-7-4-9/h1-2,5,8-9,11H,3-4,6-7H2","BRBPGGIIQVBPSB-UHFFFAOYSA-N","162.115698459","-","1","-","-","33","-","0","0","0","0"
"C10H14N2","MS Ready Formula","DTXCID40358239","C10H14N2","CC1=CC(C)=C(CC(N)=N)C=C1","DTXSID90407387","2-(2,4-dimethylphenyl)ethanimidamide","802269-53-0","C10H14N2","CC1=CC(C)=C(CC(N)=N)C=C1","CC1=CC(C)=C(CC(N)=N)C=C1","InChI=1S/C10H14N2/c1-7-3-4-9(6-10(11)12)8(2)5-7/h3-5H,6H2,1-2H3,(H3,11,12)","CBGUKTNAZXFTFR-UHFFFAOYSA-N","162.115698459","-","1","-","-","20","-","0","0","0","0"
"C10H14N2","MS Ready Formula","DTXCID70359032","C10H14N2","CC1=CC=CC(C)=C1CC(N)=N","DTXSID20408180","2-(2,6-dimethylphenyl)ethanimidamide","374064-82-1","C10H14N2","CC1=CC=CC(C)=C1CC(N)=N","CC1=CC=CC(C)=C1CC(N)=N","InChI=1S/C10H14N2/c1-7-4-3-5-8(2)9(7)6-10(11)12/h3-5H,6H2,1-2H3,(H3,11,12)","GKBVDCZWZFBZIE-UHFFFAOYSA-N","162.115698459","-","1","-","-","17","-","0","0","0","0"
"C10H14N2","MS Ready Formula","DTXCID00375705","C10H14N2","CC(C)C1=CC=C(C=C1)C(N)=N","DTXSID30424871","4-Isopropylbenzamidine","743417-63-2","C10H14N2","CC(C)C1=CC=C(C=C1)C(N)=N","CC(C)C1=CC=C(C=C1)C(N)=N","InChI=1S/C10H14N2/c1-7(2)8-3-5-9(6-4-8)10(11)12/h3-7H,1-2H3,(H3,11,12)","GIJOFUJDYGKZGG-UHFFFAOYSA-N","162.115698459","-","1","-","-","19","-","0","0","0","0"
"C10H14N2","MS Ready Formula","DTXCID80837553","C10H14N2","CC1=NC2=C(CCCC2N)C=C1","DTXSID00431810","2-methyl-5,6,7,8-tetrahydroquinolin-8-ylamine","502612-52-4","C10H14N2","CC1=NC2=C(CCCC2N)C=C1","CC1=NC2=C(CCCC2N)C=C1","InChI=1/C10H14N2/c1-7-5-6-8-3-2-4-9(11)10(8)12-7/h5-6,9H,2-4,11H2,1H3","IXOVJHWQNJYEPQ-UHFFFAOYSA-N","162.115698459","-","1","-","-","13","-","0","0","0","0"
"C10H14N2","MS Ready Formula","DTXCID70837941","C10H14N2","CNC1CNC2=CC=CC=C2C1","DTXSID60432868","(R)-N-Methyl-1,2,3,4-tetrahydroquinolin-3-amine","166742-75-2","C10H14N2","CN[C@H]1CNC2=CC=CC=C2C1","CNC1CNC2=CC=CC=C2C1","InChI=1/C10H14N2/c1-11-9-6-8-4-2-3-5-10(8)12-7-9/h2-5,9,11-12H,6-7H2,1H3","IQDMUSPYIULEGD-UHFFFAOYSA-N","162.115698459","-","1","-","-","25","-","0","0","0","0"
"C10H14N2","MS Ready Formula","DTXCID80387442","C10H14N2","NC1CN(CC2=CC=CC=C2)C1","DTXSID50436618","1-benzylazetidin-3-amine","223381-58-6","C10H14N2","NC1CN(CC2=CC=CC=C2)C1","NC1CN(CC2=CC=CC=C2)C1","InChI=1S/C10H14N2/c11-10-7-12(8-10)6-9-4-2-1-3-5-9/h1-5,10H,6-8,11H2","KLUJUFXZZAOGQQ-UHFFFAOYSA-N","162.115698459","-","1","-","-","53","-","0","0","0","0"
"C10H14N2","MS Ready Formula","DTXCID70389652","C10H14N2","CC1=CC2=C(C=C1)N(N)CCC2","DTXSID10438830","1(2H)-Quinolinamine, 3,4-dihydro-6-methyl-","66556-07-8","C10H14N2","CC1=CC2=C(C=C1)N(N)CCC2","CC1=CC2=C(C=C1)N(N)CCC2","InChI=1S/C10H14N2/c1-8-4-5-10-9(7-8)3-2-6-12(10)11/h4-5,7H,2-3,6,11H2,1H3","FSTBMVYMVIWCKK-UHFFFAOYSA-N","162.115698459","-","1","-","-","11","-","0","0","0","0"
"C10H14N2","MS Ready Formula","DTXCID10395095","C10H14N2","NC1=CC2=C(CCCCC2)N=C1","DTXSID10444274","6,7,8,9-tetrahydro-5H-cyclohepta[b]pyridin-3-amine","178209-28-4","C10H14N2","NC1=CC2=C(CCCCC2)N=C1","NC1=CC2=C(CCCCC2)N=C1","InChI=1S/C10H14N2/c11-9-6-8-4-2-1-3-5-10(8)12-7-9/h6-7H,1-5,11H2","GFMPWQOFIOWFIV-UHFFFAOYSA-N","162.115698459","-","1","-","-","22","-","0","0","0","0"
"C10H14N2","MS Ready Formula","DTXCID90996165","C10H14N2","NC1CCC2=CC=CC=C2C1N","DTXSID70450775","Naphthalenediamine, 1,2,3,4-tetrahydro-","104993-83-1","C10H14N2","NC1CCC2=CC=CC=C2C1N","NC1CCC2=CC=CC=C2C1N","InChI=1/C10H14N2/c11-9-6-5-7-3-1-2-4-8(7)10(9)12/h1-4,9-10H,5-6,11-12H2","VLSRPVYKKHYHON-UHFFFAOYSA-N","162.115698459","-","1","-","-","14","-","0","0","0","0"
"C10H14N2","MS Ready Formula","DTXCID10882511","C10H14N2","NCC1CC2=CC=CC=C2CN1","DTXSID20452926","1-(1,2,3,4-Tetrahydroisoquinolin-3-yl)methanamine","147557-04-8","C10H14N2","NCC1CC2=CC=CC=C2CN1","NCC1CC2=CC=CC=C2CN1","InChI=1/C10H14N2/c11-6-10-5-8-3-1-2-4-9(8)7-12-10/h1-4,10,12H,5-7,11H2","QQDYNQIMTRERLH-UHFFFAOYSA-N","162.115698459","-","1","-","-","34","-","0","0","0","0"
"C10H14N2","MS Ready Formula","DTXCID801076501","C10H14N2","CCCCN=CC1=CN=CC=C1","DTXSID30456096","1-Butanamine, N-(3-pyridinylmethylene)-","55019-90-4","C10H14N2","CCCC\N=C\C1=CN=CC=C1","CCCCN=CC1=CN=CC=C1","InChI=1S/C10H14N2/c1-2-3-6-11-8-10-5-4-7-12-9-10/h4-5,7-9H,2-3,6H2,1H3","SJDRSAPTSDCMCW-UHFFFAOYSA-N","162.115698459","-","1","-","-","10","-","0","0","0","0"
"C10H14N2","MS Ready Formula","DTXCID30409461","C10H14N2","C(N1CCNC1)C1=CC=CC=C1","DTXSID40458642","1-benzylimidazolidine","630126-04-4","C10H14N2","C(N1CCNC1)C1=CC=CC=C1","C(N1CCNC1)C1=CC=CC=C1","InChI=1S/C10H14N2/c1-2-4-10(5-3-1)8-12-7-6-11-9-12/h1-5,11H,6-9H2","JXOLTCZDUFJFRL-UHFFFAOYSA-N","162.115698459","-","1","-","-","21","-","0","0","0","0"
"C10H14N2","MS Ready Formula","DTXCID601005631","C10H14N2","NC1CCN(C1)C1=CC=CC=C1","DTXSID00464663","1-phenylpyrrolidin-3-amine","18471-41-5","C10H14N2","NC1CCN(C1)C1=CC=CC=C1","NC1CCN(C1)C1=CC=CC=C1","InChI=1/C10H14N2/c11-9-6-7-12(8-9)10-4-2-1-3-5-10/h1-5,9H,6-8,11H2","SFMJIPNTKASYFH-UHFFFAOYSA-N","162.115698459","-","1","-","-","38","-","0","0","0","0"
"C10H14N2","MS Ready Formula","DTXCID001005714","C10H14N2","C1CC(CN1)NC1=CC=CC=C1","DTXSID30465007","N-phenylpyrrolidin-3-amine","17741-13-8","C10H14N2","C1CC(CN1)NC1=CC=CC=C1","C1CC(CN1)NC1=CC=CC=C1","InChI=1/C10H14N2/c1-2-4-9(5-3-1)12-10-6-7-11-8-10/h1-5,10-12H,6-8H2","AAFUQJGCJNFFRT-UHFFFAOYSA-N","162.115698459","-","1","-","-","34","-","0","0","0","0"
"C10H14N2","MS Ready Formula","DTXCID60418768","C10H14N2","C1CCN(CC1)C1=CN=CC=C1","DTXSID70467949","3-(Piperidin-1-yl)pyridine","90872-73-4","C10H14N2","C1CCN(CC1)C1=CN=CC=C1","C1CCN(CC1)C1=CN=CC=C1","InChI=1S/C10H14N2/c1-2-7-12(8-3-1)10-5-4-6-11-9-10/h4-6,9H,1-3,7-8H2","RWNRPQYVWJSAPE-UHFFFAOYSA-N","162.115698459","-","1","-","-","29","-","0","0","0","0"
"C10H14N2","MS Ready Formula","DTXCID70425625","C10H14N2","CN1CCCNC2=CC=CC=C12","DTXSID30474811","1-Methyl-2,3,4,5-tetrahydro-1H-1,5-benzodiazepine","32900-36-0","C10H14N2","CN1CCCNC2=CC=CC=C12","CN1CCCNC2=CC=CC=C12","InChI=1S/C10H14N2/c1-12-8-4-7-11-9-5-2-3-6-10(9)12/h2-3,5-6,11H,4,7-8H2,1H3","QTUHHZFSIDSGRC-UHFFFAOYSA-N","162.115698459","-","1","-","-","27","-","0","0","0","0"
"C10H14N2","MS Ready Formula","DTXCID30441705","C10H14N2","CN\C(CC1=CC=CC=C1)=N/C","DTXSID90490895","(1Z)-N,N'-Dimethyl(phenyl)ethanimidamide","52066-17-8","C10H14N2","CN\C(CC1=CC=CC=C1)=N/C","CN\C(CC1=CC=CC=C1)=N/C","InChI=1S/C10H14N2/c1-11-10(12-2)8-9-6-4-3-5-7-9/h3-7H,8H2,1-2H3,(H,11,12)","XCSUORFQYDEOHR-UHFFFAOYSA-N","162.115698459","-","1","-","-","4","-","0","0","0","0"
"C10H14N2","MS Ready Formula","DTXCID40443053","C10H14N2","CN1CCCC2=C1C=CN=C2C","DTXSID40492243","1,5-Dimethyl-1,2,3,4-tetrahydro-1,6-naphthyridine","61542-06-1","C10H14N2","CN1CCCC2=C1C=CN=C2C","CN1CCCC2=C1C=CN=C2C","InChI=1S/C10H14N2/c1-8-9-4-3-7-12(2)10(9)5-6-11-8/h5-6H,3-4,7H2,1-2H3","ZDYQEOVPCHWZAX-UHFFFAOYSA-N","162.115698459","-","1","-","-","4","-","0","0","0","0"
"C10H14N2","MS Ready Formula","DTXCID50968045","C10H14N2","CC1=CC2=C(N=C1)C(N)CCC2","DTXSID40493891","3-Methyl-5,6,7,8-tetrahydroquinolin-8-amine","62455-48-5","C10H14N2","CC1=CC2=C(N=C1)C(N)CCC2","CC1=CC2=C(N=C1)C(N)CCC2","InChI=1/C10H14N2/c1-7-5-8-3-2-4-9(11)10(8)12-6-7/h5-6,9H,2-4,11H2,1H3","HCOWPHZNMIYZAN-UHFFFAOYSA-N","162.115698459","-","1","-","-","10","-","0","0","0","0"
"C10H14N2","MS Ready Formula","DTXCID001077331","C10H14N2","CN=CC1=CC=C(C=C1)N(C)C","DTXSID80498840","N,N-Dimethyl-4-[(E)-(methylimino)methyl]aniline","877-79-2","C10H14N2","C\N=C\C1=CC=C(C=C1)N(C)C","CN=CC1=CC=C(C=C1)N(C)C","InChI=1S/C10H14N2/c1-11-8-9-4-6-10(7-5-9)12(2)3/h4-8H,1-3H3","VKLCQRQREREZTC-UHFFFAOYSA-N","162.115698459","-","1","-","-","10","-","0","0","0","0"
"C10H14N2","MS Ready Formula","DTXCID00450501","C10H14N2","CCC\N=C(/N)C1=CC=CC=C1","DTXSID40499691","N'-Propylbenzenecarboximidamide","22286-00-6","C10H14N2","CCC\N=C(/N)C1=CC=CC=C1","CCC\N=C(/N)C1=CC=CC=C1","InChI=1S/C10H14N2/c1-2-8-12-10(11)9-6-4-3-5-7-9/h3-7H,2,8H2,1H3,(H2,11,12)","YYPCTPUYQVEKGN-UHFFFAOYSA-N","162.115698459","-","1","-","-","9","-","0","0","0","0"
"C10H14N2","MS Ready Formula","DTXCID70972043","C10H14N2","CC1=CC(=CN=C1)C1CCCN1","DTXSID00508854","3-Methyl-5-(pyrrolidin-2-yl)pyridine","126741-11-5","C10H14N2","CC1=CC(=CN=C1)C1CCCN1","CC1=CC(=CN=C1)C1CCCN1","InChI=1/C10H14N2/c1-8-5-9(7-11-6-8)10-3-2-4-12-10/h5-7,10,12H,2-4H2,1H3","ROFRZRRVJWMLMU-UHFFFAOYSA-N","162.115698459","-","1","-","-","11","-","0","0","0","0"
"C10H14N2","MS Ready Formula","DTXCID60465474","C10H14N2","CN1CCC2=C(C1)C=C(N)C=C2","DTXSID50514667","2-Methyl-1,2,3,4-tetrahydroisoquinolin-7-amine","14097-40-6","C10H14N2","CN1CCC2=C(C1)C=C(N)C=C2","CN1CCC2=C(C1)C=C(N)C=C2","InChI=1S/C10H14N2/c1-12-5-4-8-2-3-10(11)6-9(8)7-12/h2-3,6H,4-5,7,11H2,1H3","VRKLIVSHUQSRNF-UHFFFAOYSA-N","162.115698459","-","1","-","-","25","-","0","0","0","0"
"C10H14N2","MS Ready Formula","DTXCID80973723","C10H14N2","CN(C)C(=N)CC1=CC=CC=C1","DTXSID90515017","N,N-Dimethyl(phenyl)ethanimidamide","56776-16-0","C10H14N2","CN(C)C(=N)CC1=CC=CC=C1","CN(C)C(=N)CC1=CC=CC=C1","InChI=1S/C10H14N2/c1-12(2)10(11)8-9-6-4-3-5-7-9/h3-7,11H,8H2,1-2H3","VEHZLOXNVVKFAG-UHFFFAOYSA-N","162.115698459","-","1","-","-","6","-","0","0","0","0"
"C10H14N2","MS Ready Formula","DTXCID20975827","C10H14N2","CC1CN=C(C)C2=C1C=CN2C","DTXSID60521463","1,4,7-Trimethyl-4,5-dihydro-1H-pyrrolo[2,3-c]pyridine","87870-16-4","C10H14N2","CC1CN=C(C)C2=C1C=CN2C","CC1CN=C(C)C2=C1C=CN2C","InChI=1/C10H14N2/c1-7-6-11-8(2)10-9(7)4-5-12(10)3/h4-5,7H,6H2,1-3H3","FNZXGIBVMHUJBP-UHFFFAOYSA-N","162.115698459","-","1","-","-","5","-","0","0","0","0"
"C10H14N2","MS Ready Formula","DTXCID10492159","C10H14N2","CC1N(C)C2=CC=CC=C2N1C","DTXSID50541372","1,2,3-Trimethyl-2,3-dihydro-1H-benzimidazole","3652-99-1","C10H14N2","CC1N(C)C2=CC=CC=C2N1C","CC1N(C)C2=CC=CC=C2N1C","InChI=1S/C10H14N2/c1-8-11(2)9-6-4-5-7-10(9)12(8)3/h4-8H,1-3H3","RVBVMCLABNKDQO-UHFFFAOYSA-N","162.115698459","-","1","-","-","9","-","0","0","0","0"
"C10H14N2","MS Ready Formula","DTXCID60493838","C10H14N2","CN1CCC2=C(C1)C(N)=CC=C2","DTXSID90543052","2-Methyl-1,2,3,4-tetrahydroisoquinolin-8-amine","14788-34-2","C10H14N2","CN1CCC2=C(C1)C(N)=CC=C2","CN1CCC2=C(C1)C(N)=CC=C2","InChI=1S/C10H14N2/c1-12-6-5-8-3-2-4-10(11)9(8)7-12/h2-4H,5-7,11H2,1H3","PXAVAZKTFFJJEU-UHFFFAOYSA-N","162.115698459","-","1","-","-","22","-","0","0","0","0"
"C10H14N2","MS Ready Formula","DTXCID90497561","C10H14N2","NC1=CC2=C(CCNCC2)C=C1","DTXSID60546777","2,3,4,5-Tetrahydro-1H-3-benzazepin-7-amine","107393-73-7","C10H14N2","NC1=CC2=C(CCNCC2)C=C1","NC1=CC2=C(CCNCC2)C=C1","InChI=1S/C10H14N2/c11-10-2-1-8-3-5-12-6-4-9(8)7-10/h1-2,7,12H,3-6,11H2","LOXPKSAIAHLVML-UHFFFAOYSA-N","162.115698459","-","1","-","-","35","-","0","0","0","0"
"C10H14N2","MS Ready Formula","DTXCID00945008","C10H14N2","NC1CCC2=CC=C(N)C=C2C1","DTXSID70564184","1,2,3,4-Tetrahydronaphthalene-2,7-diamine","103393-75-5","C10H14N2","NC1CCC2=C(C1)C=C(N)C=C2","NC1CCC2=CC=C(N)C=C2C1","InChI=1/C10H14N2/c11-9-3-1-7-2-4-10(12)6-8(7)5-9/h1,3,5,10H,2,4,6,11-12H2","FISUQAVKGARTJH-UHFFFAOYSA-N","162.115698459","-","1","-","-","17","-","0","0","0","0"
"C10H14N2","MS Ready Formula","DTXCID70521535","C10H14N2","C1CNC(NC1)C1=CC=CC=C1","DTXSID50570763","2-Phenylhexahydropyrimidine","183659-10-1","C10H14N2","C1CNC(NC1)C1=CC=CC=C1","C1CNC(NC1)C1=CC=CC=C1","InChI=1S/C10H14N2/c1-2-5-9(6-3-1)10-11-7-4-8-12-10/h1-3,5-6,10-12H,4,7-8H2","OYJVCTIHNXAJQA-UHFFFAOYSA-N","162.115698459","-","1","-","-","6","-","0","0","0","0"
"C10H14N2","MS Ready Formula","DTXCID30947030","C10H14N2","NC1CCCC2=C(N)C=CC=C12","DTXSID50573138","1,2,3,4-Tetrahydronaphthalene-1,5-diamine","20351-50-2","C10H14N2","NC1CCCC2=C1C=CC=C2N","NC1CCCC2=C(N)C=CC=C12","InChI=1/C10H14N2/c11-9-5-1-3-7-8(9)4-2-6-10(7)12/h1,3,5,10H,2,4,6,11-12H2","NRFAHLRZAHGETL-UHFFFAOYSA-N","162.115698459","-","1","-","-","9","-","0","0","0","0"
"C10H14N2","MS Ready Formula","DTXCID00947921","C10H14N2","NNC1CCC2=CC=CC=C2C1","DTXSID00576533","(1,2,3,4-Tetrahydronaphthalen-2-yl)hydrazine","1743-07-3","C10H14N2","NNC1CCC2=CC=CC=C2C1","NNC1CCC2=CC=CC=C2C1","InChI=1/C10H14N2/c11-12-10-6-5-8-3-1-2-4-9(8)7-10/h1-4,10,12H,5-7,11H2","DDYZUEUSICJQGM-UHFFFAOYSA-N","162.115698459","-","1","-","-","16","-","0","0","0","0"
"C10H14N2","MS Ready Formula","DTXCID90948003","C10H14N2","C1CNCC(C1)C1=CN=CC=C1","DTXSID50576785","3-(Piperidin-3-yl)pyridine","31251-28-2","C10H14N2","C1CNCC(C1)C1=CN=CC=C1","C1CNCC(C1)C1=CN=CC=C1","InChI=1/C10H14N2/c1-3-9(7-11-5-1)10-4-2-6-12-8-10/h1,3,5,7,10,12H,2,4,6,8H2","KLDGENGYOLDCCH-UHFFFAOYSA-N","162.115698459","-","1","-","-","21","-","0","0","0","0"
"C10H14N2","MS Ready Formula","DTXCID80948451","C10H14N2","NNC1CCCC2=CC=CC=C12","DTXSID90578743","(1,2,3,4-Tetrahydronaphthalen-1-yl)hydrazine","98074-64-7","C10H14N2","NNC1CCCC2=CC=CC=C12","NNC1CCCC2=CC=CC=C12","InChI=1/C10H14N2/c11-12-10-7-3-5-8-4-1-2-6-9(8)10/h1-2,4,6,10,12H,3,5,7,11H2","BEFSPYNDXHSFPF-UHFFFAOYSA-N","162.115698459","-","1","-","-","14","-","0","0","0","0"
"C10H14N2","MS Ready Formula","DTXCID10389651","C10H14N2","C1CC(CCN1)C1=CC=CC=N1","DTXSID40582436","2-(Piperidin-4-yl)pyridine--hydrogen chloride (1/2)","143924-45-2","C10H16Cl2N2","Cl.Cl.C1CC(CCN1)C1=CC=CC=N1","C1CC(CCN1)C1=CC=CC=N1","InChI=1S/C10H14N2/c1-2-6-12-10(3-1)9-4-7-11-8-5-9/h1-3,6,9,11H,4-5,7-8H2","KVNQCSIGNRPHHM-UHFFFAOYSA-N","162.115698459","-","1","-","-","30","-","0","0","0","0"
"C10H14N2","MS Ready Formula","DTXCID70533239","C10H14N2","CCCCCCC=C(C#N)C#N","DTXSID20582474","Heptylidenepropanedinitrile","695165-26-5","C10H14N2","CCCCCCC=C(C#N)C#N","CCCCCCC=C(C#N)C#N","InChI=1S/C10H14N2/c1-2-3-4-5-6-7-10(8-11)9-12/h7H,2-6H2,1H3","MZTUQCOHFNZSLC-UHFFFAOYSA-N","162.115698459","-","1","-","-","10","-","0","0","0","0"
"C10H14N2","MS Ready Formula","DTXCID80862360","C10H14N2","C1CNC(CN1)C1=CC=CC=C1","DTXSID10589997","2-Phenylpiperazine--hydrogen chloride (1/2)","872139-22-5","C10H16Cl2N2","Cl.Cl.C1CNC(CN1)C1=CC=CC=C1","C1CNC(CN1)C1=CC=CC=C1","InChI=1/C10H14N2/c1-2-4-9(5-3-1)10-8-11-6-7-12-10/h1-5,10-12H,6-8H2","RIMRLBGNCLMSNH-UHFFFAOYSA-N","162.115698459","-","1","-","-","21","-","0","0","0","0"
"C10H14N2","MS Ready Formula","DTXCID10862712","C10H14N2","C(C1CCCN1)C1=CN=CC=C1","DTXSID50592086","3-[(Pyrrolidin-2-yl)methyl]pyridine--hydrogen chloride (1/2)","1003561-86-1","C10H16Cl2N2","Cl.Cl.C(C1CCCN1)C1=CN=CC=C1","C(C1CCCN1)C1=CN=CC=C1","InChI=1/C10H14N2/c1-3-9(8-11-5-1)7-10-4-2-6-12-10/h1,3,5,8,10,12H,2,4,6-7H2","GFYJSFUVPAUKJA-UHFFFAOYSA-N","162.115698459","-","1","-","-","18","-","0","0","0","0"
"C10H14N2","MS Ready Formula","DTXCID50543336","C10H14N2","CC(C)C(\N)=N/C1=CC=CC=C1","DTXSID60592572","(1E)-2-Methyl-N'-phenylpropanimidamide","14041-89-5","C10H14N2","CC(C)C(\N)=N/C1=CC=CC=C1","CC(C)C(\N)=N/C1=CC=CC=C1","InChI=1S/C10H14N2/c1-8(2)10(11)12-9-6-4-3-5-7-9/h3-8H,1-2H3,(H2,11,12)","AGHDSXKIGIOMJN-UHFFFAOYSA-N","162.115698459","-","1","-","-","10","-","0","0","0","0"
"C10H14N2","MS Ready Formula","DTXCID30863089","C10H14N2","CN1CCC(N)C2=CC=CC=C12","DTXSID80593768","1-Methyl-1,2,3,4-tetrahydroquinolin-4-amine","851390-46-0","C10H14N2","CN1CCC(N)C2=CC=CC=C12","CN1CCC(N)C2=CC=CC=C12","InChI=1/C10H14N2/c1-12-7-6-9(11)8-4-2-3-5-10(8)12/h2-5,9H,6-7,11H2,1H3","HMCPFKPMDMJMGK-UHFFFAOYSA-N","162.115698459","-","1","-","-","21","-","0","0","0","0"
"C10H14N2","MS Ready Formula","DTXCID60544819","C10H14N2","CCN1CCC2=C1C=C(N)C=C2","DTXSID60594056","1-Ethyl-2,3-dihydro-1H-indol-6-amine","143543-67-3","C10H14N2","CCN1CCC2=C1C=C(N)C=C2","CCN1CCC2=C1C=C(N)C=C2","InChI=1S/C10H14N2/c1-2-12-6-5-8-3-4-9(11)7-10(8)12/h3-4,7H,2,5-6,11H2,1H3","DASPMFXHFCNQHX-UHFFFAOYSA-N","162.115698459","-","1","-","-","27","-","0","0","0","0"
"C10H14N2","MS Ready Formula","DTXCID40863510","C10H14N2","CN1CCC(C1)C1=CC=NC=C1","DTXSID40595829","4-(1-Methylpyrrolidin-3-yl)pyridine","92118-23-5","C10H14N2","CN1CCC(C1)C1=CC=NC=C1","CN1CCC(C1)C1=CC=NC=C1","InChI=1/C10H14N2/c1-12-7-4-10(8-12)9-2-5-11-6-3-9/h2-3,5-6,10H,4,7-8H2,1H3","IIOIXXVCPOKENC-UHFFFAOYSA-N","162.115698459","-","1","-","-","9","-","0","0","0","0"
"C10H14N2","MS Ready Formula","DTXCID30863529","C10H14N2","CC1CCC2=CC(N)=CC=C2N1","DTXSID30595919","2-Methyl-1,2,3,4-tetrahydroquinolin-6-amine","649569-61-9","C10H14N2","CC1CCC2=C(N1)C=CC(N)=C2","CC1CCC2=CC(N)=CC=C2N1","InChI=1/C10H14N2/c1-7-2-3-8-6-9(11)4-5-10(8)12-7/h4-7,12H,2-3,11H2,1H3","COFHVMXNLAGVTB-UHFFFAOYSA-N","162.115698459","-","1","-","-","12","-","0","0","0","0"
"C10H14N2","MS Ready Formula","DTXCID60863693","C10H14N2","[H]C12CCC([H])(CC(C1)=CC#N)N2C","DTXSID90596689","(8-Methyl-8-azabicyclo[3.2.1]octan-3-ylidene)acetonitrile","91817-61-7","C10H14N2","[H]C12CCC([H])(CC(C1)=CC#N)N2C","[H]C12CCC([H])(CC(C1)=CC#N)N2C","InChI=1/C10H14N2/c1-12-9-2-3-10(12)7-8(6-9)4-5-11/h4,9-10H,2-3,6-7H2,1H3","BEMIIPSHLWBOLS-UHFFFAOYSA-N","162.115698459","-","1","-","-","9","-","0","0","0","0"
"C10H14N2","MS Ready Formula","DTXCID30866151","C10H14N2","CC(CC(=C)CC(C)C#N)C#N","DTXSID20607010","2,6-Dimethyl-4-methylideneheptanedinitrile","62722-58-1","C10H14N2","CC(CC(=C)CC(C)C#N)C#N","CC(CC(=C)CC(C)C#N)C#N","InChI=1/C10H14N2/c1-8(4-9(2)6-11)5-10(3)7-12/h9-10H,1,4-5H2,2-3H3","BZUFWXZPPANFKK-UHFFFAOYSA-N","162.115698459","-","1","-","-","8","-","0","0","0","0"
"C10H14N2","MS Ready Formula","DTXCID00866446","C10H14N2","N#CC1CN1CC1=CCCCC1","DTXSID20607898","1-[(Cyclohex-1-en-1-yl)methyl]aziridine-2-carbonitrile","75984-78-0","C10H14N2","N#CC1CN1CC1=CCCCC1","N#CC1CN1CC1=CCCCC1","InChI=1/C10H14N2/c11-6-10-8-12(10)7-9-4-2-1-3-5-9/h4,10H,1-3,5,7-8H2","NGYSMPWNVYTSDR-UHFFFAOYSA-N","162.115698459","-","1","-","-","7","-","0","0","0","0"
"C10H14N2","MS Ready Formula","DTXCID20866463","C10H14N2","[H]C12CCC([H])(C1)C(C2)N1CC1C#N","DTXSID00607917","1-(Bicyclo[2.2.1]heptan-2-yl)aziridine-2-carbonitrile","75985-43-2","C10H14N2","[H]C12CCC([H])(C1)C(C2)N1CC1C#N","[H]C12CCC([H])(C1)C(C2)N1CC1C#N","InChI=1/C10H14N2/c11-5-9-6-12(9)10-4-7-1-2-8(10)3-7/h7-10H,1-4,6H2","VCJFNPJTTIARTR-UHFFFAOYSA-N","162.115698459","-","1","-","-","6","-","0","0","0","0"
"C10H14N2","MS Ready Formula","DTXCID40306674","C10H14N2","NC1=CC=C(C=C1)N1CCCC1","DTXSID40610647","4-(Pyrrolidin-1-yl)aniline--hydrogen chloride (1/2)","163260-77-3","C10H16Cl2N2","Cl.Cl.NC1=CC=C(C=C1)N1CCCC1","NC1=CC=C(C=C1)N1CCCC1","InChI=1S/C10H14N2/c11-9-3-5-10(6-4-9)12-7-1-2-8-12/h3-6H,1-2,7-8,11H2","URAARCWOADCWLA-UHFFFAOYSA-N","162.115698459","-","1","-","-","40","-","0","0","0","0"
"C10H14N2","MS Ready Formula","DTXCID50564622","C10H14N2","CN1CCC2=C(C1)C=CC(N)=C2","DTXSID10613867","2-Methyl-1,2,3,4-tetrahydroisoquinolin-6-amine","14097-37-1","C10H14N2","CN1CCC2=C(C1)C=CC(N)=C2","CN1CCC2=C(C1)C=CC(N)=C2","InChI=1S/C10H14N2/c1-12-5-4-8-6-10(11)3-2-9(8)7-12/h2-3,6H,4-5,7,11H2,1H3","PWHRVVMNFQGSJQ-UHFFFAOYSA-N","162.115698459","-","1","-","-","15","-","0","0","0","0"
"C10H14N2","MS Ready Formula","DTXCID70577330","C10H14N2","NC1=CC=C(CN2CCC2)C=C1","DTXSID50626577","4-[(Azetidin-1-yl)methyl]aniline","263339-26-0","C10H14N2","NC1=CC=C(CN2CCC2)C=C1","NC1=CC=C(CN2CCC2)C=C1","InChI=1S/C10H14N2/c11-10-4-2-9(3-5-10)8-12-6-1-7-12/h2-5H,1,6-8,11H2","MQWIENFKSMUTOO-UHFFFAOYSA-N","162.115698459","-","1","-","-","14","-","0","0","0","0"
"C10H14N2","MS Ready Formula","DTXCID40870709","C10H14N2","CC(CC(=C)CCCC#N)C#N","DTXSID00626744","2-Methyl-4-methylideneoctanedinitrile","56827-77-1","C10H14N2","CC(CC(=C)CCCC#N)C#N","CC(CC(=C)CCCC#N)C#N","InChI=1/C10H14N2/c1-9(5-3-4-6-11)7-10(2)8-12/h10H,1,3-5,7H2,2H3","TYHFRIJIMIEVMH-UHFFFAOYSA-N","162.115698459","-","1","-","-","7","-","0","0","0","0"
"C10H14N2","MS Ready Formula","DTXCID10389651","C10H14N2","C1CC(CCN1)C1=CC=CC=N1","DTXSID80629410","2-(Piperidin-4-yl)pyridine--hydrogen chloride (1/1)","216688-64-1","C10H15ClN2","Cl.C1CC(CCN1)C1=CC=CC=N1","C1CC(CCN1)C1=CC=CC=N1","InChI=1S/C10H14N2/c1-2-6-12-10(3-1)9-4-7-11-8-5-9/h1-3,6,9,11H,4-5,7-8H2","KVNQCSIGNRPHHM-UHFFFAOYSA-N","162.115698459","-","1","-","-","21","-","0","0","0","0"
"C10H14N2","MS Ready Formula","DTXCID80813099","C10H14N2","CNCCC=CC1=CN=CC=C1","DTXSID00632688","Oxalic acid--(3E)-N-methyl-4-(pyridin-3-yl)but-3-en-1-amine (1/1)","220662-95-3","C12H16N2O4","OC(=O)C(O)=O.CNCC\C=C\C1=CN=CC=C1","CNCCC=CC1=CN=CC=C1,OC(=O)C(O)=O","InChI=1S/C10H14N2/c1-11-7-3-2-5-10-6-4-8-12-9-10/h2,4-6,8-9,11H,3,7H2,1H3","JUOSGGQXEBBCJB-UHFFFAOYSA-N","162.115698459","-","1","-","-","15","-","0","0","0","0"
"C10H14N2","MS Ready Formula","DTXCID40583786","C10H14N2","NNCC1=CC2=C(CCC2)C=C1","DTXSID00633034","[(2,3-Dihydro-1H-inden-5-yl)methyl]hydrazine","51860-04-9","C10H14N2","NNCC1=CC2=C(CCC2)C=C1","NNCC1=CC2=C(CCC2)C=C1","InChI=1S/C10H14N2/c11-12-7-8-4-5-9-2-1-3-10(9)6-8/h4-6,12H,1-3,7,11H2","DIWDIDLCINRQFW-UHFFFAOYSA-N","162.115698459","-","1","-","-","17","-","0","0","0","0"
"C10H14N2","MS Ready Formula","DTXCID40409811","C10H14N2","CN1CCCC2=C1C=C(N)C=C2","DTXSID60647556","1-Methyl-1,2,3,4-tetrahydroquinolin-7-amine--hydrogen chloride (1/1)","927684-97-7","C10H15ClN2","Cl.CN1CCCC2=C1C=C(N)C=C2","CN1CCCC2=C1C=C(N)C=C2","InChI=1S/C10H14N2/c1-12-6-2-3-8-4-5-9(11)7-10(8)12/h4-5,7H,2-3,6,11H2,1H3","OMGAOBAAEGMMTF-UHFFFAOYSA-N","162.115698459","-","1","-","-","36","-","0","0","0","0"
"C10H14N2","MS Ready Formula","DTXCID10882511","C10H14N2","NCC1CC2=CC=CC=C2CN1","DTXSID90652133","1-[(3S)-1,2,3,4-Tetrahydroisoquinolin-3-yl]methanamine","195832-21-4","C10H14N2","NC[C@@H]1CC2=CC=CC=C2CN1","NCC1CC2=CC=CC=C2CN1","InChI=1/C10H14N2/c11-6-10-5-8-3-1-2-4-9(8)7-12-10/h1-4,10,12H,5-7,11H2","QQDYNQIMTRERLH-UHFFFAOYSA-N","162.115698459","-","1","-","-","22","-","0","0","0","0"
"C10H14N2","MS Ready Formula","DTXCID70883004","C10H14N2","CC1=C(N=CC=C1)C1CCCN1","DTXSID50654890","3-Methyl-2-(pyrrolidin-2-yl)pyridine","23894-37-3","C10H14N2","CC1=C(N=CC=C1)C1CCCN1","CC1=C(N=CC=C1)C1CCCN1","InChI=1/C10H14N2/c1-8-4-2-7-12-10(8)9-5-3-6-11-9/h2,4,7,9,11H,3,5-6H2,1H3","QIQHWGGROIBWSH-UHFFFAOYSA-N","162.115698459","-","1","-","-","14","-","0","0","0","0"
"C10H14N2","MS Ready Formula","DTXCID90617085","C10H14N2","CC1=C(N)C=CC(=C1)N1CCC1","DTXSID90666336","4-(Azetidin-1-yl)-2-methylaniline","344405-56-7","C10H14N2","CC1=C(N)C=CC(=C1)N1CCC1","CC1=C(N)C=CC(=C1)N1CCC1","InChI=1S/C10H14N2/c1-8-7-9(3-4-10(8)11)12-5-2-6-12/h3-4,7H,2,5-6,11H2,1H3","MOSQPXDQOSPHTN-UHFFFAOYSA-N","162.115698459","-","1","-","-","11","-","0","0","0","0"
"C10H14N2","MS Ready Formula","DTXCID50617086","C10H14N2","CC1=C(C=CC(N)=C1)N1CCC1","DTXSID50666337","4-(Azetidin-1-yl)-3-methylaniline","344405-53-4","C10H14N2","CC1=C(C=CC(N)=C1)N1CCC1","CC1=C(C=CC(N)=C1)N1CCC1","InChI=1S/C10H14N2/c1-8-7-9(11)3-4-10(8)12-5-2-6-12/h3-4,7H,2,5-6,11H2,1H3","IPDBDZJRQKUCII-UHFFFAOYSA-N","162.115698459","-","1","-","-","11","-","0","0","0","0"
"C10H14N2","MS Ready Formula","DTXCID50887429","C10H14N2","CCC1=CC=CC(C(C)=N)=C1N","DTXSID10669309","2-Ethanimidoyl-6-ethylaniline","148121-17-9","C10H14N2","CCC1=C(N)C(=CC=C1)C(C)=N","CCC1=CC=CC(C(C)=N)=C1N","InChI=1S/C10H14N2/c1-3-8-5-4-6-9(7(2)11)10(8)12/h4-6,11H,3,12H2,1-2H3","DANNHLPYEHMEPI-UHFFFAOYSA-N","162.115698459","-","1","-","-","9","-","0","0","0","0"
"C10H14N2","MS Ready Formula","DTXCID00888340","C10H14N2","CC1=C(N=CC=C1)C(N)C1CC1","DTXSID90672452","1-Cyclopropyl-1-(3-methylpyridin-2-yl)methanamine","1015846-65-7","C10H14N2","CC1=C(N=CC=C1)C(N)C1CC1","CC1=C(N=CC=C1)C(N)C1CC1","InChI=1/C10H14N2/c1-7-3-2-6-12-10(7)9(11)8-4-5-8/h2-3,6,8-9H,4-5,11H2,1H3","LBRBZJUBGVFGGD-UHFFFAOYSA-N","162.115698459","-","1","-","-","13","-","0","0","0","0"
"C10H14N2","MS Ready Formula","DTXCID50889822","C10H14N2","CC1=CC=NC(=C1)C(N)C1CC1","DTXSID50679008","1-Cyclopropyl-1-(4-methylpyridin-2-yl)methanamine--hydrogen chloride (1/2)","1203308-27-3","C10H16Cl2N2","Cl.Cl.CC1=CC(=NC=C1)C(N)C1CC1","CC1=CC=NC(=C1)C(N)C1CC1","InChI=1/C10H14N2/c1-7-4-5-12-9(6-7)10(11)8-2-3-8/h4-6,8,10H,2-3,11H2,1H3","XUWOXHQFBDZVDD-UHFFFAOYSA-N","162.115698459","-","1","-","-","14","-","0","0","0","0"
"C10H14N2","MS Ready Formula","DTXCID70890056","C10H14N2","NC1CCCNC2=CC=CC=C12","DTXSID00679992","2,3,4,5-Tetrahydro-1H-1-benzazepin-5-amine","885275-16-1","C10H14N2","NC1CCCNC2=CC=CC=C12","NC1CCCNC2=CC=CC=C12","InChI=1/C10H14N2/c11-9-5-3-7-12-10-6-2-1-4-8(9)10/h1-2,4,6,9,12H,3,5,7,11H2","HWCKTLUUWDOMTP-UHFFFAOYSA-N","162.115698459","-","1","-","-","23","-","0","0","0","0"
"C10H14N2","MS Ready Formula","DTXCID70890056","C10H14N2","NC1CCCNC2=CC=CC=C12","DTXSID80680046","(5R)-2,3,4,5-Tetrahydro-1H-1-benzazepin-5-amine","294196-60-4","C10H14N2","N[C@@H]1CCCNC2=CC=CC=C12","NC1CCCNC2=CC=CC=C12","InChI=1/C10H14N2/c11-9-5-3-7-12-10-6-2-1-4-8(9)10/h1-2,4,6,9,12H,3,5,7,11H2","HWCKTLUUWDOMTP-UHFFFAOYSA-N","162.115698459","-","1","-","-","15","-","0","0","0","0"
"C10H14N2","MS Ready Formula","DTXCID90630976","C10H14N2","NC1=CC=C(CNC2CC2)C=C1","DTXSID20680227","4-[(Cyclopropylamino)methyl]aniline","1082768-71-5","C10H14N2","NC1=CC=C(CNC2CC2)C=C1","NC1=CC=C(CNC2CC2)C=C1","InChI=1S/C10H14N2/c11-9-3-1-8(2-4-9)7-12-10-5-6-10/h1-4,10,12H,5-7,11H2","ZQSPJDFQWLYSMD-UHFFFAOYSA-N","162.115698459","-","1","-","-","33","-","0","0","0","0"
"C10H14N2","MS Ready Formula","DTXCID00945008","C10H14N2","NC1CCC2=CC=C(N)C=C2C1","DTXSID20695770","1,2,3,4-Tetrahydronaphthalene-2,7-diamine--hydrogen chloride (1/2)","861352-50-3","C10H16Cl2N2","Cl.Cl.NC1CCC2=C(C1)C=C(N)C=C2","NC1CCC2=CC=C(N)C=C2C1","InChI=1/C10H14N2/c11-9-3-1-7-2-4-10(12)6-8(7)5-9/h1,3,5,10H,2,4,6,11-12H2","FISUQAVKGARTJH-UHFFFAOYSA-N","162.115698459","-","1","-","-","8","-","0","0","0","0"
"C10H14N2","MS Ready Formula","DTXCID10882511","C10H14N2","NCC1CC2=CC=CC=C2CN1","DTXSID90696012","1-(1,2,3,4-Tetrahydroisoquinolin-3-yl)methanamine--hydrogen chloride (1/2)","54329-61-2","C10H16Cl2N2","Cl.Cl.NCC1CC2=CC=CC=C2CN1","NCC1CC2=CC=CC=C2CN1","InChI=1/C10H14N2/c11-6-10-5-8-3-1-2-4-9(8)7-12-10/h1-4,10,12H,5-7,11H2","QQDYNQIMTRERLH-UHFFFAOYSA-N","162.115698459","-","1","-","-","21","-","0","0","0","0"
"C10H14N2","MS Ready Formula","DTXCID30654797","C10H14N2","CN(C1CCC1)C1=CC=CC=N1","DTXSID30704049","N-Cyclobutyl-N-methylpyridin-2-amine","1010422-31-7","C10H14N2","CN(C1CCC1)C1=CC=CC=N1","CN(C1CCC1)C1=CC=CC=N1","InChI=1S/C10H14N2/c1-12(9-5-4-6-9)10-7-2-3-8-11-10/h2-3,7-9H,4-6H2,1H3","PKWIATLYBUNVCB-UHFFFAOYSA-N","162.115698459","-","1","-","-","6","-","0","0","0","0"
"C10H14N2","MS Ready Formula","DTXCID80387442","C10H14N2","NC1CN(CC2=CC=CC=C2)C1","DTXSID20704391","1-Benzylazetidin-3-amine--hydrogen chloride (1/2)","1307683-81-3","C10H16Cl2N2","Cl.Cl.NC1CN(CC2=CC=CC=C2)C1","NC1CN(CC2=CC=CC=C2)C1","InChI=1S/C10H14N2/c11-10-7-12(8-10)6-9-4-2-1-3-5-9/h1-5,10H,6-8,11H2","KLUJUFXZZAOGQQ-UHFFFAOYSA-N","162.115698459","-","1","-","-","17","-","0","0","0","0"
"C10H14N2","MS Ready Formula","DTXCID10658253","C10H14N2","CC(CCCC#N)=CCCC#N","DTXSID80707505","5-Methylnon-4-enedinitrile","56726-76-2","C10H14N2","CC(CCCC#N)=CCCC#N","CC(CCCC#N)=CCCC#N","InChI=1S/C10H14N2/c1-10(6-2-4-8-11)7-3-5-9-12/h6H,2-5,7H2,1H3","HWGNERYJKMWNBQ-UHFFFAOYSA-N","162.115698459","-","1","-","-","6","-","0","0","0","0"
"C10H14N2","MS Ready Formula","DTXCID60659073","C10H14N2","CC(CNN)=CC1=CC=CC=C1","DTXSID30708325","(2-Methyl-3-phenylprop-2-en-1-yl)hydrazine","92882-31-0","C10H14N2","CC(CNN)=CC1=CC=CC=C1","CC(CNN)=CC1=CC=CC=C1","InChI=1S/C10H14N2/c1-9(8-12-11)7-10-5-3-2-4-6-10/h2-7,12H,8,11H2,1H3","KQLJIMNWWNBXCX-UHFFFAOYSA-N","162.115698459","-","1","-","-","5","-","0","0","0","0"
"C10H14N2","MS Ready Formula","DTXCID701038148","C10H14N2","CC(CC(C)=CC(C)C#N)C#N","DTXSID90709373","2,4,6-Trimethylhept-3-enedinitrile","62722-59-2","C10H14N2","CC(CC(C)=CC(C)C#N)C#N","CC(CC(C)=CC(C)C#N)C#N","InChI=1/C10H14N2/c1-8(4-9(2)6-11)5-10(3)7-12/h4,9-10H,5H2,1-3H3","OIWUZXBBESWTHG-UHFFFAOYSA-N","162.115698459","-","1","-","-","6","-","0","0","0","0"
"C10H14N2","MS Ready Formula","DTXCID90660233","C10H14N2","C\N=C\NC1=CC=CC(C)=C1C","DTXSID00709485","N-(2,3-Dimethylphenyl)-N'-methylmethanimidamide","42572-04-3","C10H14N2","C\N=C\NC1=CC=CC(C)=C1C","C\N=C\NC1=CC=CC(C)=C1C","InChI=1S/C10H14N2/c1-8-5-4-6-10(9(8)2)12-7-11-3/h4-7H,1-3H3,(H,11,12)","ORVPMWFGKDZNEY-UHFFFAOYSA-N","162.115698459","-","1","-","-","5","-","0","0","0","0"
"C10H14N2","MS Ready Formula","DTXCID101038190","C10H14N2","CC(CC(C)=CCCC#N)C#N","DTXSID20709826","2,4-Dimethyloct-4-enedinitrile","62751-19-3","C10H14N2","CC(CC(C)=CCCC#N)C#N","CC(CC(C)=CCCC#N)C#N","InChI=1/C10H14N2/c1-9(5-3-4-6-11)7-10(2)8-12/h5,10H,3-4,7H2,1-2H3","PZNDEYCHUBUQOA-UHFFFAOYSA-N","162.115698459","-","1","-","-","6","-","0","0","0","0"
"C10H14N2","MS Ready Formula","DTXCID501038392","C10H14N2","CC(C=C(C)CCCC#N)C#N","DTXSID40711986","2,4-Dimethyloct-3-enedinitrile","62722-57-0","C10H14N2","CC(C=C(C)CCCC#N)C#N","CC(C=C(C)CCCC#N)C#N","InChI=1/C10H14N2/c1-9(5-3-4-6-11)7-10(2)8-12/h7,10H,3-5H2,1-2H3","YVLNGQFWHIEHIK-UHFFFAOYSA-N","162.115698459","-","1","-","-","7","-","0","0","0","0"
"C10H14N2","MS Ready Formula","DTXCID70890056","C10H14N2","NC1CCCNC2=CC=CC=C12","DTXSID40717004","(5S)-2,3,4,5-Tetrahydro-1H-1-benzazepin-5-amine","294196-07-9","C10H14N2","N[C@H]1CCCNC2=CC=CC=C12","NC1CCCNC2=CC=CC=C12","InChI=1/C10H14N2/c11-9-5-3-7-12-10-6-2-1-4-8(9)10/h1-2,4,6,9,12H,3,5,7,11H2","HWCKTLUUWDOMTP-UHFFFAOYSA-N","162.115698459","-","1","-","-","13","-","0","0","0","0"
"C10H14N2","MS Ready Formula","DTXCID601020683","C10H14N2","CN1CCCC1C1=NC=CC=C1","DTXSID50723717","Perchloric acid--2-(1-methylpyrrolidin-2-yl)pyridine (2/1)","147663-86-3","C10H16Cl2N2O8","O[Cl](=O)(=O)=O.O[Cl](=O)(=O)=O.CN1CCCC1C1=CC=CC=N1","CN1CCCC1C1=NC=CC=C1","InChI=1/C10H14N2/c1-12-8-4-6-10(12)9-5-2-3-7-11-9/h2-3,5,7,10H,4,6,8H2,1H3","AQCRXZYYMOXFAN-UHFFFAOYSA-N","162.115698459","-","1","-","-","7","-","0","0","0","0"
"C10H14N2","MS Ready Formula","DTXCID90996165","C10H14N2","NC1CCC2=CC=CC=C2C1N","DTXSID60726012","(1S,2R)-1,2,3,4-Tetrahydronaphthalene-1,2-diamine","426262-27-3","C10H14N2","N[C@@H]1CCC2=CC=CC=C2[C@@H]1N","NC1CCC2=CC=CC=C2C1N","InChI=1/C10H14N2/c11-9-6-5-7-3-1-2-4-8(7)10(9)12/h1-4,9-10H,5-6,11-12H2","VLSRPVYKKHYHON-UHFFFAOYSA-N","162.115698459","-","1","-","-","6","-","0","0","0","0"
"C10H14N2","MS Ready Formula","DTXCID90680875","C10H14N2","CC1CC2=C(N)C=CC(N)=C2C1","DTXSID80730131","2-Methyl-2,3-dihydro-1H-indene-4,7-diamine","917805-31-3","C10H14N2","CC1CC2=C(N)C=CC(N)=C2C1","CC1CC2=C(N)C=CC(N)=C2C1","InChI=1S/C10H14N2/c1-6-4-7-8(5-6)10(12)3-2-9(7)11/h2-3,6H,4-5,11-12H2,1H3","BOPDDZMXSVMRIX-UHFFFAOYSA-N","162.115698459","-","1","-","-","7","-","0","0","0","0"
"C10H14N2","MS Ready Formula","DTXCID20996794","C10H14N2","CC1CCC2=C1C(N)=CC=C2N","DTXSID60730139","1-Methyl-2,3-dihydro-1H-indene-4,7-diamine","917805-30-2","C10H14N2","CC1CCC2=C(N)C=CC(N)=C12","CC1CCC2=C1C(N)=CC=C2N","InChI=1/C10H14N2/c1-6-2-3-7-8(11)4-5-9(12)10(6)7/h4-6H,2-3,11-12H2,1H3","BDTXWMGGWAYDTD-UHFFFAOYSA-N","162.115698459","-","1","-","-","7","-","0","0","0","0"
"C10H14N2","MS Ready Formula","DTXCID80681038","C10H14N2","CC1=CC2=C(NCCC2)C(N)=C1","DTXSID00730294","6-Methyl-1,2,3,4-tetrahydroquinolin-8-amine","160431-50-5","C10H14N2","CC1=CC2=C(NCCC2)C(N)=C1","CC1=CC2=C(NCCC2)C(N)=C1","InChI=1S/C10H14N2/c1-7-5-8-3-2-4-12-10(8)9(11)6-7/h5-6,12H,2-4,11H2,1H3","GLOWZAPATGRICO-UHFFFAOYSA-N","162.115698459","-","1","-","-","12","-","0","0","0","0"
"C10H14N2","MS Ready Formula","DTXCID80688981","C10H14N2","CC1(C)CNC2=C1C=C(N)C=C2","DTXSID20738237","3,3-Dimethyl-2,3-dihydro-1H-indol-5-amine","1158745-51-7","C10H14N2","CC1(C)CNC2=C1C=C(N)C=C2","CC1(C)CNC2=C1C=C(N)C=C2","InChI=1S/C10H14N2/c1-10(2)6-12-9-4-3-7(11)5-8(9)10/h3-5,12H,6,11H2,1-2H3","NLAMTLXEEAQDSL-UHFFFAOYSA-N","162.115698459","-","1","-","-","10","-","0","0","0","0"
"C10H14N2","MS Ready Formula","DTXCID50695849","C10H14N2","CN(C)C1=NC=C(C=C1)C1CC1","DTXSID40745105","5-Cyclopropyl-N,N-dimethylpyridin-2-amine","1245645-43-5","C10H14N2","CN(C)C1=NC=C(C=C1)C1CC1","CN(C)C1=NC=C(C=C1)C1CC1","InChI=1S/C10H14N2/c1-12(2)10-6-5-9(7-11-10)8-3-4-8/h5-8H,3-4H2,1-2H3","BJBLCBSSWLWCPO-UHFFFAOYSA-N","162.115698459","-","1","-","-","11","-","0","0","0","0"
"C10H14N2","MS Ready Formula","DTXCID301042149","C10H14N2","CC(=NCCN)C1=CC=CC=C1","DTXSID40764134","2-[(E)-(1-Phenylethylidene)amino]ethan-1-amine","112291-92-6","C10H14N2","C\C(=N/CCN)C1=CC=CC=C1","CC(=NCCN)C1=CC=CC=C1","InChI=1S/C10H14N2/c1-9(12-8-7-11)10-5-3-2-4-6-10/h2-6H,7-8,11H2,1H3","PRTSTKFVEXTIJX-UHFFFAOYSA-N","162.115698459","-","1","-","-","5","-","0","0","0","0"
"C10H14N2","MS Ready Formula","DTXCID50728469","C10H14N2","C1CCN(CC1)C=C1C=CC=N1","DTXSID60777726","1-[(2H-Pyrrol-2-ylidene)methyl]piperidine","19611-56-4","C10H14N2","C1CCN(CC1)C=C1C=CC=N1","C1CCN(CC1)C=C1C=CC=N1","InChI=1S/C10H14N2/c1-2-7-12(8-3-1)9-10-5-4-6-11-10/h4-6,9H,1-3,7-8H2","IRGABYHRDAHSBV-UHFFFAOYSA-N","162.115698459","-","1","-","-","4","-","0","0","0","0"
"C10H14N2","MS Ready Formula","DTXCID10736227","C10H14N2","C\N=C\NC1=C(C)C=CC=C1C","DTXSID80785484","N-(2,6-Dimethylphenyl)-N'-methylmethanimidamide","42571-94-8","C10H14N2","C\N=C\NC1=C(C)C=CC=C1C","C\N=C\NC1=C(C)C=CC=C1C","InChI=1S/C10H14N2/c1-8-5-4-6-9(2)10(8)12-7-11-3/h4-7H,1-3H3,(H,11,12)","AZSXWIHSJCWLFK-UHFFFAOYSA-N","162.115698459","-","1","-","-","4","-","0","0","0","0"
"C10H14N2","MS Ready Formula","DTXCID601047586","C10H14N2","CC=CN=C(C)C1=CC=CN1C","DTXSID10831488","(1E)-1-(1-Methyl-1H-pyrrol-2-yl)-N-(prop-1-en-1-yl)ethan-1-imine","87870-11-9","C10H14N2","CC=C\N=C(/C)C1=CC=CN1C","CC=CN=C(C)C1=CC=CN1C","InChI=1S/C10H14N2/c1-4-7-11-9(2)10-6-5-8-12(10)3/h4-8H,1-3H3","WAZMXRUQKIFJTO-UHFFFAOYSA-N","162.115698459","-","1","-","-","3","-","0","0","0","0"
"C10H14N2","MS Ready Formula","DTXCID801047906","C10H14N2","CCC(C=CC)C(C)(C#N)C#N","DTXSID20835275","(Hex-4-en-3-yl)(methyl)propanedinitrile","832720-98-6","C10H14N2","CCC(C=CC)C(C)(C#N)C#N","CCC(C=CC)C(C)(C#N)C#N","InChI=1/C10H14N2/c1-4-6-9(5-2)10(3,7-11)8-12/h4,6,9H,5H2,1-3H3","UYKRDMUGDMHBDE-UHFFFAOYSA-N","162.115698459","-","1","-","-","4","-","0","0","0","0"
"C10H14N2","MS Ready Formula","DTXCID50202491","C10H14N2","C1CCC(NC1)C1=CC=CN=C1","DTXSID40852303","Nitric acid--3-[(2S)-piperidin-2-yl]pyridine (1/1)","585564-76-7","C10H15N3O3","O[N+]([O-])=O.C1CC[C@H](NC1)C1=CN=CC=C1","C1CCC(NC1)C1=CC=CN=C1","InChI=1/C10H14N2/c1-2-7-12-10(5-1)9-4-3-6-11-8-9/h3-4,6,8,10,12H,1-2,5,7H2","MTXSIJUGVMTTMU-UHFFFAOYSA-N","162.115698459","-","1","-","-","3","-","0","0","0","0"
"C10H14N2","MS Ready Formula","DTXCID80805919","C10H14N2","CCCC(C#N)=C(CCC)C#N","DTXSID00855178","2,3-Dipropylbut-2-enedinitrile","217322-20-8","C10H14N2","CCCC(C#N)=C(CCC)C#N","CCCC(C#N)=C(CCC)C#N","InChI=1S/C10H14N2/c1-3-5-9(7-11)10(8-12)6-4-2/h3-6H2,1-2H3","JSWAWCSIOCLTRB-UHFFFAOYSA-N","162.115698459","-","1","-","-","4","-","0","0","0","0"
"C10H14N2","MS Ready Formula","DTXCID10907970","C10H14N2","NC1CC2=CC=CC=C2CCN1","DTXSID60856060","2,3,4,5-Tetrahydro-1H-3-benzazepin-2-amine","205393-48-2","C10H14N2","NC1CC2=CC=CC=C2CCN1","NC1CC2=CC=CC=C2CCN1","InChI=1/C10H14N2/c11-10-7-9-4-2-1-3-8(9)5-6-12-10/h1-4,10,12H,5-7,11H2","DZPOFFRXIJFWQT-UHFFFAOYSA-N","162.115698459","-","1","-","-","9","-","0","0","0","0"
"C10H14N2","MS Ready Formula","DTXCID50908062","C10H14N2","NC1=CC(=CC=C1)C1CCNC1","DTXSID10856277","3-(Pyrrolidin-3-yl)aniline--hydrogen chloride (1/2)","1203681-66-6","C10H16Cl2N2","Cl.Cl.NC1=CC=CC(=C1)C1CCNC1","NC1=CC(=CC=C1)C1CCNC1","InChI=1/C10H14N2/c11-10-3-1-2-8(6-10)9-4-5-12-7-9/h1-3,6,9,12H,4-5,7,11H2","NCCAHXJXZSQBBE-UHFFFAOYSA-N","162.115698459","-","1","-","-","12","-","0","0","0","0"
"C10H14N2","MS Ready Formula","DTXCID70807705","C10H14N2","CN1CCNC2=C1C=CC(C)=C2","DTXSID60856964","1,6-Dimethyl-1,2,3,4-tetrahydroquinoxaline","912284-80-1","C10H14N2","CN1CCNC2=C1C=CC(C)=C2","CN1CCNC2=C1C=CC(C)=C2","InChI=1S/C10H14N2/c1-8-3-4-10-9(7-8)11-5-6-12(10)2/h3-4,7,11H,5-6H2,1-2H3","DMDDKWCMXYOTBQ-UHFFFAOYSA-N","162.115698459","-","1","-","-","10","-","0","0","0","0"
